-- phpMyAdmin SQL Dump
-- version 4.7.0
-- https://www.phpmyadmin.net/
--
-- Host: 127.0.0.1
-- Generation Time: Oct 25, 2020 at 06:41 AM
-- Server version: 10.1.25-MariaDB
-- PHP Version: 7.1.7

SET SQL_MODE = "NO_AUTO_VALUE_ON_ZERO";
SET AUTOCOMMIT = 0;
START TRANSACTION;
SET time_zone = "+00:00";


/*!40101 SET @OLD_CHARACTER_SET_CLIENT=@@CHARACTER_SET_CLIENT */;
/*!40101 SET @OLD_CHARACTER_SET_RESULTS=@@CHARACTER_SET_RESULTS */;
/*!40101 SET @OLD_COLLATION_CONNECTION=@@COLLATION_CONNECTION */;
/*!40101 SET NAMES utf8mb4 */;

--
-- Database: `lara_api`
--

-- --------------------------------------------------------

--
-- Table structure for table `migrations`
--

CREATE TABLE `migrations` (
  `id` int(10) UNSIGNED NOT NULL,
  `migration` varchar(191) COLLATE utf8mb4_unicode_ci NOT NULL,
  `batch` int(11) NOT NULL
) ENGINE=InnoDB DEFAULT CHARSET=utf8mb4 COLLATE=utf8mb4_unicode_ci;

--
-- Dumping data for table `migrations`
--

INSERT INTO `migrations` (`id`, `migration`, `batch`) VALUES
(10, '2014_10_12_000000_create_users_table', 1),
(11, '2014_10_12_100000_create_password_resets_table', 1),
(12, '2016_06_01_000001_create_oauth_auth_codes_table', 1),
(13, '2016_06_01_000002_create_oauth_access_tokens_table', 1),
(14, '2016_06_01_000003_create_oauth_refresh_tokens_table', 1),
(15, '2016_06_01_000004_create_oauth_clients_table', 1),
(16, '2016_06_01_000005_create_oauth_personal_access_clients_table', 1),
(17, '2020_10_22_024600_create_products_table', 1),
(18, '2020_10_22_024632_create_reviews_table', 1);

-- --------------------------------------------------------

--
-- Table structure for table `oauth_access_tokens`
--

CREATE TABLE `oauth_access_tokens` (
  `id` varchar(100) COLLATE utf8mb4_unicode_ci NOT NULL,
  `user_id` bigint(20) DEFAULT NULL,
  `client_id` int(10) UNSIGNED NOT NULL,
  `name` varchar(191) COLLATE utf8mb4_unicode_ci DEFAULT NULL,
  `scopes` text COLLATE utf8mb4_unicode_ci,
  `revoked` tinyint(1) NOT NULL,
  `created_at` timestamp NULL DEFAULT NULL,
  `updated_at` timestamp NULL DEFAULT NULL,
  `expires_at` datetime DEFAULT NULL
) ENGINE=InnoDB DEFAULT CHARSET=utf8mb4 COLLATE=utf8mb4_unicode_ci;

--
-- Dumping data for table `oauth_access_tokens`
--

INSERT INTO `oauth_access_tokens` (`id`, `user_id`, `client_id`, `name`, `scopes`, `revoked`, `created_at`, `updated_at`, `expires_at`) VALUES
('41f46ffd09e7a311635a49aa2ffe983238be60167d644531202a8f376f3197c45524c4c01cb887e7', 5, 2, NULL, '[]', 0, '2020-10-24 10:07:03', '2020-10-24 10:07:03', '2021-10-24 16:07:03');

-- --------------------------------------------------------

--
-- Table structure for table `oauth_auth_codes`
--

CREATE TABLE `oauth_auth_codes` (
  `id` varchar(100) COLLATE utf8mb4_unicode_ci NOT NULL,
  `user_id` bigint(20) NOT NULL,
  `client_id` int(10) UNSIGNED NOT NULL,
  `scopes` text COLLATE utf8mb4_unicode_ci,
  `revoked` tinyint(1) NOT NULL,
  `expires_at` datetime DEFAULT NULL
) ENGINE=InnoDB DEFAULT CHARSET=utf8mb4 COLLATE=utf8mb4_unicode_ci;

-- --------------------------------------------------------

--
-- Table structure for table `oauth_clients`
--

CREATE TABLE `oauth_clients` (
  `id` int(10) UNSIGNED NOT NULL,
  `user_id` bigint(20) DEFAULT NULL,
  `name` varchar(191) COLLATE utf8mb4_unicode_ci NOT NULL,
  `secret` varchar(100) COLLATE utf8mb4_unicode_ci NOT NULL,
  `redirect` text COLLATE utf8mb4_unicode_ci NOT NULL,
  `personal_access_client` tinyint(1) NOT NULL,
  `password_client` tinyint(1) NOT NULL,
  `revoked` tinyint(1) NOT NULL,
  `created_at` timestamp NULL DEFAULT NULL,
  `updated_at` timestamp NULL DEFAULT NULL
) ENGINE=InnoDB DEFAULT CHARSET=utf8mb4 COLLATE=utf8mb4_unicode_ci;

--
-- Dumping data for table `oauth_clients`
--

INSERT INTO `oauth_clients` (`id`, `user_id`, `name`, `secret`, `redirect`, `personal_access_client`, `password_client`, `revoked`, `created_at`, `updated_at`) VALUES
(1, NULL, 'Laravel Personal Access Client', 'gpyeN4XVPkQKN66uzaZlthlccXgk0vMzaPVXF9oM', 'http://localhost', 1, 0, 0, '2020-10-24 10:01:53', '2020-10-24 10:01:53'),
(2, NULL, 'Laravel Password Grant Client', 'QyYZhQajxNzO0P6Kgcpzpy1USoGuRUqzxsYHkbaq', 'http://localhost', 0, 1, 0, '2020-10-24 10:01:53', '2020-10-24 10:01:53');

-- --------------------------------------------------------

--
-- Table structure for table `oauth_personal_access_clients`
--

CREATE TABLE `oauth_personal_access_clients` (
  `id` int(10) UNSIGNED NOT NULL,
  `client_id` int(10) UNSIGNED NOT NULL,
  `created_at` timestamp NULL DEFAULT NULL,
  `updated_at` timestamp NULL DEFAULT NULL
) ENGINE=InnoDB DEFAULT CHARSET=utf8mb4 COLLATE=utf8mb4_unicode_ci;

--
-- Dumping data for table `oauth_personal_access_clients`
--

INSERT INTO `oauth_personal_access_clients` (`id`, `client_id`, `created_at`, `updated_at`) VALUES
(1, 1, '2020-10-24 10:01:53', '2020-10-24 10:01:53');

-- --------------------------------------------------------

--
-- Table structure for table `oauth_refresh_tokens`
--

CREATE TABLE `oauth_refresh_tokens` (
  `id` varchar(100) COLLATE utf8mb4_unicode_ci NOT NULL,
  `access_token_id` varchar(100) COLLATE utf8mb4_unicode_ci NOT NULL,
  `revoked` tinyint(1) NOT NULL,
  `expires_at` datetime DEFAULT NULL
) ENGINE=InnoDB DEFAULT CHARSET=utf8mb4 COLLATE=utf8mb4_unicode_ci;

--
-- Dumping data for table `oauth_refresh_tokens`
--

INSERT INTO `oauth_refresh_tokens` (`id`, `access_token_id`, `revoked`, `expires_at`) VALUES
('431ef1ffea4e18e4112d3e34018a6402bc21abf3cbdf101ff0bcd23295ef7da755146d3974285d5b', '41f46ffd09e7a311635a49aa2ffe983238be60167d644531202a8f376f3197c45524c4c01cb887e7', 0, '2021-10-24 16:07:04');

-- --------------------------------------------------------

--
-- Table structure for table `password_resets`
--

CREATE TABLE `password_resets` (
  `email` varchar(191) COLLATE utf8mb4_unicode_ci NOT NULL,
  `token` varchar(191) COLLATE utf8mb4_unicode_ci NOT NULL,
  `created_at` timestamp NULL DEFAULT NULL
) ENGINE=InnoDB DEFAULT CHARSET=utf8mb4 COLLATE=utf8mb4_unicode_ci;

-- --------------------------------------------------------

--
-- Table structure for table `products`
--

CREATE TABLE `products` (
  `id` bigint(20) UNSIGNED NOT NULL,
  `name` varchar(191) COLLATE utf8mb4_unicode_ci NOT NULL,
  `detail` text COLLATE utf8mb4_unicode_ci NOT NULL,
  `price` int(11) NOT NULL,
  `stock` int(11) NOT NULL,
  `discount` int(11) NOT NULL,
  `user_id` bigint(20) UNSIGNED NOT NULL,
  `created_at` timestamp NULL DEFAULT NULL,
  `updated_at` timestamp NULL DEFAULT NULL
) ENGINE=InnoDB DEFAULT CHARSET=utf8mb4 COLLATE=utf8mb4_unicode_ci;

--
-- Dumping data for table `products`
--

INSERT INTO `products` (`id`, `name`, `detail`, `price`, `stock`, `discount`, `user_id`, `created_at`, `updated_at`) VALUES
(1, 'enim', 'Necessitatibus optio non odio facilis animi aut. Officia iste et necessitatibus corrupti. Ipsam iusto adipisci voluptatem aliquid quo.', 844, 1, 9, 3, '2020-10-24 09:07:10', '2020-10-24 09:07:10'),
(2, 'sunt', 'Molestiae nam ducimus explicabo fuga recusandae sed alias dolorem. Beatae et provident corporis id sint ut nemo. Fugiat repellendus nihil blanditiis et. Inventore qui occaecati facilis quibusdam recusandae.', 530, 6, 12, 1, '2020-10-24 09:07:10', '2020-10-24 09:07:10'),
(3, 'et', 'Id temporibus quod animi eligendi itaque. Porro dolores placeat et sed et. Atque consectetur qui rerum accusantium tempora quis. Modi vel quam laudantium porro delectus facilis vero.', 273, 2, 29, 1, '2020-10-24 09:07:10', '2020-10-24 09:07:10'),
(4, 'laboriosam', 'Cum natus est est quas repellat. Dicta eum molestiae aut sit ea.', 949, 2, 5, 2, '2020-10-24 09:07:10', '2020-10-24 09:07:10'),
(5, 'reprehenderit', 'Sed voluptatibus placeat assumenda quam voluptates et. Dolorem voluptas quidem omnis nobis aut eaque incidunt. Ullam laudantium reiciendis eius beatae libero est. Eligendi voluptatem nam odio sint.', 738, 1, 17, 3, '2020-10-24 09:07:10', '2020-10-24 09:07:10'),
(6, 'porro', 'Cumque modi dignissimos repudiandae sed omnis error illo. Alias libero nobis voluptatibus error. Rerum ut dolore doloremque ut.', 749, 7, 26, 4, '2020-10-24 09:07:10', '2020-10-24 09:07:10'),
(7, 'labore', 'Nihil recusandae voluptates aliquid fugiat sit. Autem dolor rem ducimus rem accusamus qui vel. Dignissimos enim quaerat quo consequuntur nihil. Sequi dolore quod molestiae omnis ab aut totam.', 319, 4, 28, 1, '2020-10-24 09:07:10', '2020-10-24 09:07:10'),
(8, 'non', 'Ut quisquam laudantium dignissimos consequatur consequatur. Vel aut accusamus aspernatur repellendus enim possimus perspiciatis dicta. Rem qui accusantium ut ipsum aut est. Quis voluptas omnis quidem natus est.', 431, 3, 5, 4, '2020-10-24 09:07:10', '2020-10-24 09:07:10'),
(10, 'aut', 'Qui porro nihil ipsam officiis accusamus consequatur. Et quis commodi animi ad et. Molestiae est cumque velit quod repudiandae quisquam sint. Libero et alias enim laboriosam est veniam.', 709, 5, 22, 3, '2020-10-24 09:07:10', '2020-10-24 09:07:10'),
(11, 'impedit', 'Sint qui veniam fugit dignissimos eum qui. Unde facilis unde ex officia. Nostrum cum mollitia rem quidem aut. Qui officia voluptate aut molestiae iste est iste. Assumenda alias accusantium magnam nisi dolorum impedit.', 319, 6, 29, 2, '2020-10-24 09:07:11', '2020-10-24 09:07:11'),
(12, 'fugiat', 'Et quas aliquam sapiente officia. Voluptatem ut est ea qui neque. Possimus doloribus tenetur aut deleniti sit aut incidunt.', 663, 6, 12, 3, '2020-10-24 09:07:11', '2020-10-24 09:07:11'),
(13, 'nam', 'Et et qui ex placeat assumenda provident. Rerum quidem aut ab ut iste tempora. Maxime veniam corporis voluptas provident nulla quo. Cupiditate et qui eum aut ea officiis odio qui.', 814, 3, 6, 4, '2020-10-24 09:07:11', '2020-10-24 09:07:11'),
(14, 'quas', 'Ut sunt dolores consequuntur dolorem itaque et. Quia ullam laudantium nemo aliquid possimus dicta. Consequatur velit tenetur explicabo.', 166, 1, 4, 4, '2020-10-24 09:07:11', '2020-10-24 09:07:11'),
(15, 'quos', 'Sapiente laudantium et dolorem ea qui. Laudantium impedit commodi quod et dignissimos ipsum sunt. Dicta repudiandae pariatur illo vel dicta.', 754, 4, 18, 4, '2020-10-24 09:07:11', '2020-10-24 09:07:11'),
(16, 'itaque', 'Est maiores quo quis non et cumque ipsa. Libero quis autem similique deleniti laborum. Ut sapiente perferendis id at inventore autem voluptatem.', 754, 7, 28, 5, '2020-10-24 09:07:11', '2020-10-24 09:07:11'),
(17, 'consequatur', 'Numquam dolor laborum architecto est optio. Sapiente repellat voluptas ea ipsam doloribus accusamus. Iusto ad tenetur tempore vero nesciunt nihil accusantium. Eum libero ipsa optio porro vitae aspernatur voluptas quae.', 318, 0, 24, 4, '2020-10-24 09:07:11', '2020-10-24 09:07:11'),
(18, 'necessitatibus', 'Consequatur cupiditate modi consequatur et hic quod. Tenetur qui quia non nam ipsam. Earum incidunt vero odio iure veniam nobis minima quas.', 665, 1, 9, 3, '2020-10-24 09:07:11', '2020-10-24 09:07:11'),
(19, 'aut', 'Et qui amet ad cupiditate ducimus delectus ut. Eius vero voluptatem dolore provident veniam quod. Omnis ut fuga qui aliquid inventore quisquam cum. Deleniti consequatur aut qui et quas voluptas beatae.', 396, 1, 30, 5, '2020-10-24 09:07:11', '2020-10-24 09:07:11'),
(20, 'ipsam', 'Et quaerat voluptatibus sit rerum rem. Ipsam non reprehenderit eos et rerum. Incidunt aspernatur ut dolores nostrum ut. Vel natus sit quia cupiditate neque.', 755, 6, 17, 3, '2020-10-24 09:07:11', '2020-10-24 09:07:11'),
(21, 'quos', 'Illo tempora qui sint eos ducimus. Fuga distinctio cupiditate voluptatem culpa ad distinctio eaque. Harum odio aliquid est libero incidunt dolorem asperiores. Omnis et quia vitae. Quo rerum omnis veritatis ipsam autem est nostrum reiciendis.', 832, 2, 2, 1, '2020-10-24 09:07:11', '2020-10-24 09:07:11'),
(22, 'nihil', 'Eos sed vel non ea cum ut. Possimus laborum est velit rerum amet. Dignissimos eius ut vitae neque ad non minima. Doloribus animi laboriosam dolore delectus ut laboriosam.', 902, 3, 16, 1, '2020-10-24 09:07:11', '2020-10-24 09:07:11'),
(23, 'recusandae', 'Quia sequi unde tenetur nobis voluptatibus. Repudiandae esse iste praesentium pariatur. In quod amet omnis totam et quia dolores. Omnis aut delectus doloremque suscipit doloribus iste et.', 578, 1, 30, 3, '2020-10-24 09:07:11', '2020-10-24 09:07:11'),
(24, 'sint', 'Maxime non illum modi in. Laborum mollitia omnis ratione quo. Distinctio repudiandae accusamus omnis recusandae et.', 555, 4, 2, 1, '2020-10-24 09:07:11', '2020-10-24 09:07:11'),
(25, 'est', 'Officia accusamus consectetur ut sed nemo. Error ut omnis autem. Molestiae cupiditate aliquam earum rem ut. Ipsa non molestiae libero quos.', 556, 5, 7, 1, '2020-10-24 09:07:11', '2020-10-24 09:07:11'),
(26, 'laboriosam', 'Quia modi enim ut quo facere. Voluptatum provident explicabo velit et rerum nam laboriosam et. Delectus esse voluptatibus doloribus nisi.', 175, 6, 24, 2, '2020-10-24 09:07:11', '2020-10-24 09:07:11'),
(27, 'consequuntur', 'Cupiditate repudiandae voluptatem et. Quidem et rerum aliquid qui est natus nihil laborum.', 267, 2, 19, 2, '2020-10-24 09:07:11', '2020-10-24 09:07:11'),
(28, 'necessitatibus', 'Sapiente vel iste blanditiis incidunt repudiandae commodi illum. Repellat non voluptas debitis et est odio atque. Qui sit sequi dolores dolorum reprehenderit.', 783, 7, 27, 4, '2020-10-24 09:07:11', '2020-10-24 09:07:11'),
(29, 'sed', 'Cupiditate dolores iusto eum iusto. Quos aspernatur autem ab nam qui error perferendis est.', 616, 8, 9, 2, '2020-10-24 09:07:11', '2020-10-24 09:07:11'),
(30, 'eligendi', 'Saepe exercitationem veniam possimus veritatis voluptatem. Magnam quasi voluptas ea. Autem ut assumenda alias veritatis suscipit qui. Ad voluptates nostrum sunt ullam repellendus. Eveniet error et nihil.', 472, 8, 7, 1, '2020-10-24 09:07:11', '2020-10-24 09:07:11'),
(31, 'voluptates', 'Ut quis expedita rerum dolore saepe. Eius incidunt vero rerum laborum quibusdam et. Ut magnam eum recusandae numquam non hic officiis.', 205, 4, 6, 1, '2020-10-24 09:07:11', '2020-10-24 09:07:11'),
(32, 'non', 'Ipsam est non assumenda consectetur nobis nobis et. Saepe sint itaque consequatur modi perferendis. Sed voluptatem dolor sint occaecati assumenda.', 874, 0, 15, 2, '2020-10-24 09:07:11', '2020-10-24 09:07:11'),
(33, 'incidunt', 'Doloremque voluptatem natus est nobis quia labore saepe fuga. Atque molestiae vero veniam. Odit esse assumenda qui suscipit numquam nostrum sint. Accusantium nostrum harum et eveniet repellendus aliquam accusamus.', 934, 2, 17, 4, '2020-10-24 09:07:11', '2020-10-24 09:07:11'),
(34, 'tenetur', 'Autem inventore ullam deleniti fugiat voluptas aut velit. Error provident sit impedit et ratione dolorum animi. Veritatis labore sunt deleniti odit deserunt dolor quis. Enim odit consectetur nisi explicabo sapiente ea fugit.', 132, 7, 2, 1, '2020-10-24 09:07:11', '2020-10-24 09:07:11'),
(35, 'velit', 'Corrupti ut corporis voluptates nesciunt itaque. Architecto quis quibusdam et rerum. Eum vel distinctio voluptatem et omnis. Consequatur deserunt tenetur est ex quis et.', 143, 8, 29, 3, '2020-10-24 09:07:11', '2020-10-24 09:07:11'),
(36, 'vel', 'Cupiditate doloremque illum earum non et quo. Et alias dolor esse necessitatibus iusto molestiae. Eaque nemo cupiditate dolor distinctio laboriosam dolor. Atque mollitia aut accusamus vel quasi accusantium corrupti.', 361, 9, 20, 1, '2020-10-24 09:07:11', '2020-10-24 09:07:11'),
(37, 'expedita', 'Voluptatum quibusdam minima velit ipsum corporis molestias. Magni fugit odit possimus consequatur sit aut neque. Consequatur qui non cumque aut rem soluta omnis. Ut omnis iste laboriosam fugit tempora aliquam voluptas.', 598, 4, 18, 5, '2020-10-24 09:07:11', '2020-10-24 09:07:11'),
(38, 'aut', 'Vel id facere et voluptatem fugiat harum. Est totam nihil rerum porro odit veniam velit. Laboriosam eius asperiores minima omnis laborum consequatur. Repellendus soluta autem quaerat quo. Molestiae expedita error qui quis inventore facere libero.', 362, 0, 3, 5, '2020-10-24 09:07:11', '2020-10-24 09:07:11'),
(39, 'rerum', 'Animi inventore sunt veritatis rerum similique vero magni. Cumque consequatur et quis ea at odit laborum. Asperiores enim maiores ut iste. Accusamus saepe reiciendis qui asperiores sunt.', 520, 8, 19, 1, '2020-10-24 09:07:11', '2020-10-24 09:07:11'),
(40, 'voluptas', 'Omnis ducimus a porro et. Unde autem ducimus ullam magni molestiae doloremque aut eos. Nulla et architecto atque necessitatibus neque eos. Animi vero repudiandae ratione maxime nihil explicabo. Non quia sequi voluptatem sit voluptatem quis error.', 504, 6, 26, 4, '2020-10-24 09:07:11', '2020-10-24 09:07:11'),
(41, 'voluptatem', 'Eveniet sint at voluptatem corporis sunt qui illo. Deleniti consequatur ex ut nemo. Nihil adipisci nostrum recusandae autem vitae at sunt. Similique non eum cum optio veritatis dolor asperiores sed.', 235, 5, 21, 5, '2020-10-24 09:07:12', '2020-10-24 09:07:12'),
(42, 'provident', 'Non rerum dolores rerum aut aut amet. Ex consequatur illum quod rerum voluptatem consequuntur. Dolores qui laborum voluptatem esse nisi temporibus occaecati.', 457, 2, 20, 2, '2020-10-24 09:07:12', '2020-10-24 09:07:12'),
(43, 'ducimus', 'Quia quisquam perferendis modi aut officia. Eos tempore deserunt consequatur laboriosam nihil eum. Aut sit quis asperiores porro recusandae nesciunt similique. Eius aspernatur nam eos sapiente.', 644, 4, 13, 2, '2020-10-24 09:07:12', '2020-10-24 09:07:12'),
(44, 'qui', 'Quisquam qui modi esse et et magni. Mollitia saepe porro quia quas odit. Minus magnam qui qui rerum. Eum dolor veniam expedita perspiciatis similique quisquam earum.', 595, 7, 24, 1, '2020-10-24 09:07:12', '2020-10-24 09:07:12'),
(45, 'deserunt', 'Vitae corrupti omnis nostrum quia vitae aut. Optio rem quam libero nulla maxime iure repellendus ipsa. Velit eligendi inventore eaque a nihil.', 913, 5, 5, 1, '2020-10-24 09:07:12', '2020-10-24 09:07:12'),
(46, 'qui', 'Sed repellat quia ut ratione. Debitis sunt quidem et. Animi enim ratione quo facilis. Numquam harum quo consequatur neque voluptatibus.', 409, 1, 30, 5, '2020-10-24 09:07:12', '2020-10-24 09:07:12'),
(47, 'sunt', 'In pariatur cupiditate omnis molestias unde est quia quis. Sit distinctio perferendis et et. In eius sed est aut enim. Quasi aspernatur voluptatum praesentium quis a et. Voluptatem aut repellat ipsa commodi animi vel.', 617, 8, 7, 3, '2020-10-24 09:07:12', '2020-10-24 09:07:12'),
(48, 'hic', 'Et nihil quibusdam ex explicabo laudantium vel. Nihil quis reiciendis ut et sed. Necessitatibus magnam labore maxime. Asperiores in hic voluptas mollitia et.', 421, 5, 24, 4, '2020-10-24 09:07:12', '2020-10-24 09:07:12'),
(49, 'aliquam', 'Adipisci sit optio cum omnis eum numquam. Quia voluptatem laudantium iste eveniet velit molestias. Nobis at qui est atque sed rerum. Omnis molestiae iure temporibus perspiciatis laboriosam.', 728, 3, 20, 1, '2020-10-24 09:07:12', '2020-10-24 09:07:12'),
(50, 'ipsa', 'Possimus est ut adipisci accusamus qui voluptatum. Dicta voluptatem quaerat voluptatibus necessitatibus perspiciatis. Commodi quam recusandae consequuntur architecto.', 633, 7, 14, 3, '2020-10-24 09:07:12', '2020-10-24 09:07:12');

-- --------------------------------------------------------

--
-- Table structure for table `reviews`
--

CREATE TABLE `reviews` (
  `id` bigint(20) UNSIGNED NOT NULL,
  `product_id` bigint(20) UNSIGNED NOT NULL,
  `customer` varchar(191) COLLATE utf8mb4_unicode_ci NOT NULL,
  `review` text COLLATE utf8mb4_unicode_ci NOT NULL,
  `star` int(11) NOT NULL,
  `created_at` timestamp NULL DEFAULT NULL,
  `updated_at` timestamp NULL DEFAULT NULL
) ENGINE=InnoDB DEFAULT CHARSET=utf8mb4 COLLATE=utf8mb4_unicode_ci;

--
-- Dumping data for table `reviews`
--

INSERT INTO `reviews` (`id`, `product_id`, `customer`, `review`, `star`, `created_at`, `updated_at`) VALUES
(1, 45, 'Abbey Toy IV', 'Asperiores id accusamus asperiores ipsam sit. Accusamus et nihil sed id. Eum ipsum dolorum autem sed et porro quod. Nesciunt sapiente incidunt autem atque exercitationem aut. Ea consequatur vero sapiente excepturi aut aut voluptatem et.', 3, '2020-10-24 09:07:12', '2020-10-24 09:07:12'),
(2, 43, 'Ryleigh Durgan', 'Quasi voluptatibus velit facere rerum facere tempore id. Sit ad laborum sapiente facere sint quis et sunt. Culpa praesentium aut in ut et. Quis neque corrupti reiciendis qui voluptatem dolor nemo aut.', 1, '2020-10-24 09:07:12', '2020-10-24 09:07:12'),
(3, 23, 'Mr. Troy Cole', 'Earum ducimus maxime corporis voluptas temporibus eveniet. Dicta molestiae et nesciunt sit dolores enim optio. Qui aspernatur magnam voluptas laboriosam nemo. Et dolorum repudiandae ullam eos totam esse.', 4, '2020-10-24 09:07:12', '2020-10-24 09:07:12'),
(4, 5, 'Lacy Kulas', 'Delectus itaque quia molestiae dolorem magni incidunt autem. Voluptatum nesciunt cumque repellendus aut omnis soluta. Nihil eum debitis saepe et. Nobis eius praesentium aperiam ducimus ipsum molestiae sint. Eos assumenda sunt maiores autem.', 5, '2020-10-24 09:07:13', '2020-10-24 09:07:13'),
(5, 33, 'Prof. Rudy Mohr PhD', 'Vel necessitatibus quisquam possimus blanditiis iure consequuntur dolorum. Deserunt et nihil laborum. Et repellendus dolor in fugiat ipsa quidem.', 3, '2020-10-24 09:07:13', '2020-10-24 09:07:13'),
(6, 33, 'Clementine Bartell', 'Dolorem culpa soluta hic quod maiores quis. Facilis quibusdam aut atque maxime iure animi quisquam. Repudiandae qui ad facere neque quod distinctio ut. Qui veritatis et distinctio.', 5, '2020-10-24 09:07:13', '2020-10-24 09:07:13'),
(7, 7, 'Lonnie Welch', 'Assumenda animi nam veritatis quasi aliquam tempore nemo incidunt. Quo nobis necessitatibus neque necessitatibus. Iure ut aut eveniet ullam aut.', 5, '2020-10-24 09:07:13', '2020-10-24 09:07:13'),
(8, 17, 'Cassidy Moore', 'Expedita ea commodi laudantium quibusdam est vel perferendis est. Perspiciatis est velit delectus ad sit error necessitatibus consectetur. Doloremque rerum non voluptas accusantium iure quibusdam modi eum.', 5, '2020-10-24 09:07:13', '2020-10-24 09:07:13'),
(9, 37, 'Sylvan O\'Connell', 'Omnis voluptatem alias dolor veritatis in cum. Qui qui tempore amet iste laborum. Voluptate quod quod doloribus et. Sint dolorum rerum et.', 4, '2020-10-24 09:07:13', '2020-10-24 09:07:13'),
(10, 42, 'Beulah Hagenes', 'Sint occaecati consequatur natus laudantium voluptates nesciunt qui ad. Minus sunt aspernatur quo voluptatum exercitationem porro expedita. Impedit ea minus quam quaerat qui ullam suscipit perferendis.', 4, '2020-10-24 09:07:13', '2020-10-24 09:07:13'),
(11, 33, 'Prof. Loraine VonRueden PhD', 'Iusto eveniet et odit et corporis corporis. Quas debitis assumenda neque qui repellat quia. Vitae quae mollitia et ea sequi sit.', 5, '2020-10-24 09:07:13', '2020-10-24 09:07:13'),
(12, 36, 'Stephon Corkery', 'Tempore minima cupiditate quam voluptas repellendus delectus. Quidem quibusdam deleniti velit eos laborum rerum. Sunt quis blanditiis autem iste molestiae.', 4, '2020-10-24 09:07:13', '2020-10-24 09:07:13'),
(13, 30, 'Dr. Caleb Rempel', 'Quia possimus ullam ullam ipsa. Culpa amet ut eaque incidunt voluptatem deserunt consequatur. Rerum aut et dignissimos corrupti. Nihil repudiandae facilis molestiae ut esse dolorem et.', 3, '2020-10-24 09:07:13', '2020-10-24 09:07:13'),
(14, 30, 'Ms. Isabel Conroy', 'Ipsum perspiciatis cumque animi officiis. Unde eius culpa quae perferendis qui est consequatur. Et eos non quia molestias minima sit sit. Ullam dolorum consequatur minima.', 4, '2020-10-24 09:07:13', '2020-10-24 09:07:13'),
(15, 1, 'Hillary Batz', 'Facilis voluptate sed sint quo. Tempora blanditiis accusamus vitae eveniet iusto est quidem. Et provident alias quo atque ducimus ea harum.', 0, '2020-10-24 09:07:13', '2020-10-24 09:07:13'),
(16, 11, 'Mrs. Leta Schinner IV', 'In aut vel totam sunt earum. Voluptatem voluptas doloremque quis quaerat sint adipisci aut. Assumenda dolores modi voluptas ipsum eveniet sed aliquid voluptas.', 0, '2020-10-24 09:07:13', '2020-10-24 09:07:13'),
(17, 3, 'Rogers Fritsch', 'Sit neque non occaecati aut. Animi harum ex repellat at culpa quod quaerat. Blanditiis beatae sint earum fugit maiores illo quidem. Omnis tempore qui velit aut voluptatem.', 5, '2020-10-24 09:07:13', '2020-10-24 09:07:13'),
(18, 21, 'Prof. Maxime Kassulke Sr.', 'Commodi quam cum aut aut mollitia facilis sed sed. Laudantium ratione sequi delectus vel molestias. Commodi molestiae in rem quia praesentium labore laudantium. Voluptatibus omnis rerum rerum deserunt tempore commodi consequatur.', 1, '2020-10-24 09:07:13', '2020-10-24 09:07:13'),
(19, 28, 'Morris Brekke I', 'Optio exercitationem quas aut quo impedit debitis ipsam. Recusandae quos sit accusantium nesciunt neque. Porro voluptatum labore aut consequatur aliquid excepturi est. Voluptatem odit sequi aut voluptatem velit aspernatur.', 2, '2020-10-24 09:07:13', '2020-10-24 09:07:13'),
(20, 35, 'Juanita Kirlin III', 'Sed alias quia aut ut voluptates. Autem doloribus non amet labore deserunt est. Suscipit rerum consectetur ullam minima.', 2, '2020-10-24 09:07:13', '2020-10-24 09:07:13'),
(21, 19, 'Zena Grimes', 'Sint magnam magnam quis quia deserunt omnis. Sunt quo minus dolor ullam enim. Ab aut nesciunt amet reprehenderit qui officiis.', 0, '2020-10-24 09:07:13', '2020-10-24 09:07:13'),
(22, 19, 'Prof. Abdul Stiedemann', 'Quisquam tempore consequatur assumenda at rerum. Eaque unde nihil alias suscipit velit temporibus rerum. Corrupti suscipit sunt iure ea perspiciatis.', 0, '2020-10-24 09:07:13', '2020-10-24 09:07:13'),
(23, 37, 'Jacey Renner', 'Incidunt quo nemo et ullam. Et atque nihil non ut magni voluptatum est facere. Sunt cupiditate repellat animi magnam beatae.', 2, '2020-10-24 09:07:13', '2020-10-24 09:07:13'),
(24, 16, 'Guy Kohler IV', 'Vel et quis magni reprehenderit dolores ipsa quis. Consectetur totam et rerum.', 5, '2020-10-24 09:07:13', '2020-10-24 09:07:13'),
(25, 32, 'Ottis Thiel', 'Illo repudiandae dignissimos veritatis omnis. A deserunt libero adipisci a dolorem et voluptas. Odio deleniti et iure sapiente optio aut voluptatem.', 1, '2020-10-24 09:07:13', '2020-10-24 09:07:13'),
(26, 10, 'Dr. Heather Mueller Jr.', 'Iste itaque expedita eaque ut est. Voluptates ut perferendis voluptatem minus est et provident. Autem ut aperiam quidem asperiores quo rerum. In iusto harum dicta voluptatem quia exercitationem voluptas. Sunt ut sed quidem officiis aliquid.', 1, '2020-10-24 09:07:13', '2020-10-24 09:07:13'),
(27, 35, 'Dr. Wendell Klocko', 'Placeat dolorum labore autem voluptas numquam in eum. Delectus est ut quaerat consequatur earum cupiditate. Odio dolorum consequatur quae.', 0, '2020-10-24 09:07:13', '2020-10-24 09:07:13'),
(28, 24, 'Mrs. Ursula Robel Sr.', 'Accusantium aut libero saepe facere excepturi quia eum. Amet corporis voluptas ut aut.', 4, '2020-10-24 09:07:13', '2020-10-24 09:07:13'),
(29, 5, 'Ned Rempel', 'Incidunt suscipit deserunt labore quo et adipisci. Eveniet quis voluptas beatae optio accusantium quae non quam. Suscipit est velit illum facere odit. Laborum porro dolorem doloremque tempora suscipit aut est delectus.', 0, '2020-10-24 09:07:13', '2020-10-24 09:07:13'),
(30, 15, 'Heath Beer', 'Quidem occaecati temporibus at aperiam fugiat consequatur sapiente tempora. Dicta debitis vel praesentium hic neque atque soluta et. Omnis nihil voluptatibus qui. Provident autem quo voluptatum aperiam occaecati cum impedit.', 1, '2020-10-24 09:07:13', '2020-10-24 09:07:13'),
(31, 21, 'Vergie Barton', 'Culpa ut quis recusandae alias. Quod sunt iste consectetur facere qui debitis ullam.', 2, '2020-10-24 09:07:14', '2020-10-24 09:07:14'),
(32, 5, 'Freeman Feeney', 'Ducimus sed nam mollitia. Aspernatur architecto autem id. Et qui rem libero fugiat temporibus. Aliquid provident tempore velit autem perferendis. Et animi voluptas mollitia nostrum delectus consequatur aliquid.', 0, '2020-10-24 09:07:14', '2020-10-24 09:07:14'),
(33, 34, 'Mr. Arne Larson', 'Quidem omnis dolorum velit. Libero voluptate culpa earum. A exercitationem accusamus dicta quia repellat aliquid aut.', 1, '2020-10-24 09:07:14', '2020-10-24 09:07:14'),
(34, 47, 'Aylin Hickle', 'Error eos occaecati iure nisi ut quia. Laborum consequatur eum sed in qui distinctio. Dolores at quia et rem id exercitationem.', 2, '2020-10-24 09:07:14', '2020-10-24 09:07:14'),
(35, 28, 'Nickolas Jacobs', 'Repudiandae maiores aut hic a minus aut. Sint labore repellat non accusantium eius tempore. Debitis similique qui nihil autem minus. Nihil animi est voluptas illum nesciunt.', 1, '2020-10-24 09:07:14', '2020-10-24 09:07:14'),
(36, 34, 'Alexane Kiehn', 'Repellat ea hic nesciunt. Voluptatum nihil quia voluptatem suscipit. Consectetur harum molestiae maiores ea repellendus nobis. Magni dolore nihil veniam saepe soluta quibusdam sit.', 0, '2020-10-24 09:07:14', '2020-10-24 09:07:14'),
(37, 22, 'Maegan Schaden', 'Eius at voluptates eos nihil voluptatem consequatur. Doloremque consequatur doloremque occaecati quas laudantium molestias. Voluptates in aut saepe culpa quisquam ea.', 1, '2020-10-24 09:07:14', '2020-10-24 09:07:14'),
(38, 11, 'Virgie Gusikowski', 'Quos dignissimos occaecati est repudiandae commodi nesciunt ipsa. Reprehenderit quas et beatae voluptatibus. Sit illo numquam ut asperiores corporis. Qui soluta fuga sed quis dicta occaecati error.', 1, '2020-10-24 09:07:14', '2020-10-24 09:07:14'),
(39, 10, 'Miss Alexanne McDermott MD', 'Nostrum et culpa culpa inventore sit reprehenderit sed ut. Qui qui enim soluta nihil eum nam rerum. Rem distinctio quia amet officia esse qui totam. Perferendis ducimus optio illo consectetur omnis recusandae qui numquam.', 3, '2020-10-24 09:07:14', '2020-10-24 09:07:14'),
(40, 14, 'Loy Shields IV', 'Quas ipsum sunt numquam voluptatem sint molestias fugiat. Quasi omnis nostrum nisi maiores quos. Corrupti optio sed mollitia non ducimus qui consequatur. Et eos dolorem commodi corporis atque nemo.', 0, '2020-10-24 09:07:14', '2020-10-24 09:07:14'),
(41, 21, 'Quincy Mitchell', 'Perspiciatis laboriosam culpa aperiam adipisci accusantium pariatur. Rerum autem quia quasi et et non.', 4, '2020-10-24 09:07:14', '2020-10-24 09:07:14'),
(42, 27, 'Katheryn Ratke', 'Dolore id esse minus. Quia eum minima autem optio. Veniam sed modi sint animi.', 5, '2020-10-24 09:07:14', '2020-10-24 09:07:14'),
(43, 16, 'Santino Abshire MD', 'Architecto veniam non aut doloremque. Rerum rem deleniti velit dolor quam reprehenderit quos. Dolor perferendis perferendis sunt molestiae aut aut distinctio.', 2, '2020-10-24 09:07:14', '2020-10-24 09:07:14'),
(44, 35, 'Prof. Woodrow Kozey', 'Eos fugit nihil mollitia in id aut. Similique et sequi consequuntur debitis. In sed illo facere enim ea quia vel. Vero ab earum magnam vel sit dolor voluptatem. Deserunt et aut dolorem velit quisquam.', 5, '2020-10-24 09:07:14', '2020-10-24 09:07:14'),
(45, 16, 'Frederick Lowe', 'Laboriosam quaerat eum assumenda temporibus odit commodi qui aperiam. Delectus voluptas dolores quis ea et nulla non.', 0, '2020-10-24 09:07:14', '2020-10-24 09:07:14'),
(46, 11, 'Prof. Franz Pouros', 'Nostrum vero aut fugiat minus. Perferendis commodi vitae iure sit. Totam qui dolorum id. Sit praesentium similique sapiente consequatur.', 4, '2020-10-24 09:07:14', '2020-10-24 09:07:14'),
(47, 32, 'Graham Gerlach', 'Voluptas dolores repudiandae quo velit qui. Commodi soluta dolores iste ducimus aut praesentium et. Minima aliquid et dolores rerum accusantium enim. Sit eum dolorem vero quo possimus fugit vero.', 4, '2020-10-24 09:07:14', '2020-10-24 09:07:14'),
(48, 6, 'Prof. Erik Kessler Jr.', 'Et consequuntur est fugiat et. Dolore aliquam perferendis saepe voluptatem. Tempora et quidem voluptas laborum expedita quis.', 1, '2020-10-24 09:07:14', '2020-10-24 09:07:14'),
(49, 42, 'Dr. Leopoldo Heathcote', 'A suscipit quaerat ea est aspernatur quasi quod. Dolores quidem eius fugit alias voluptatem. Facere fugiat eveniet qui nemo ratione officiis doloremque.', 5, '2020-10-24 09:07:14', '2020-10-24 09:07:14'),
(50, 35, 'Michael Pagac', 'Suscipit sed maiores numquam. Voluptas qui debitis hic repellendus corrupti sit. Sint beatae non blanditiis blanditiis in. Eum sequi consectetur nesciunt hic ab.', 4, '2020-10-24 09:07:14', '2020-10-24 09:07:14'),
(51, 38, 'Dr. Sean Wiza MD', 'Iusto qui rerum recusandae asperiores quisquam nostrum. Repellendus assumenda reprehenderit et ducimus.', 1, '2020-10-24 09:07:14', '2020-10-24 09:07:14'),
(52, 17, 'Garett Bogan', 'Voluptatem maxime nesciunt vel nostrum repellat qui. Ullam dolore maxime sint. Non quos voluptatibus illum reprehenderit quis porro.', 0, '2020-10-24 09:07:14', '2020-10-24 09:07:14'),
(53, 37, 'Lesley Klein', 'Animi inventore nemo libero voluptate numquam. Qui repudiandae aspernatur pariatur et reiciendis reiciendis illum odit. Blanditiis fugit id ut molestias et. Cumque aut excepturi rerum aut rerum. Nam reprehenderit enim consequuntur.', 1, '2020-10-24 09:07:14', '2020-10-24 09:07:14'),
(54, 37, 'Suzanne Wyman', 'Et velit dolores id veritatis est. Cumque dolor unde odio qui saepe soluta nihil. Quasi voluptatem enim est atque.', 3, '2020-10-24 09:07:14', '2020-10-24 09:07:14'),
(55, 5, 'Edna Oberbrunner', 'Non quaerat deserunt maxime qui perspiciatis a laborum aperiam. Qui et dolor rerum quae dolorum ut vel tempore. Commodi numquam quos doloribus provident deleniti rerum. Ut molestias eum ut dolor eius.', 3, '2020-10-24 09:07:14', '2020-10-24 09:07:14'),
(56, 4, 'Mr. Matteo Nienow', 'Accusantium enim corporis incidunt ab dignissimos ad. Culpa excepturi beatae consequatur. Aut repudiandae officiis natus veritatis hic quasi harum. Saepe quo adipisci pariatur voluptatibus.', 2, '2020-10-24 09:07:15', '2020-10-24 09:07:15'),
(57, 40, 'Mrs. Clementine Kilback', 'Ea iste est architecto qui eum assumenda. Soluta officia vero sit maxime eos ab aperiam dicta. Facere harum qui omnis id fugit.', 3, '2020-10-24 09:07:15', '2020-10-24 09:07:15'),
(58, 39, 'Dennis Frami DDS', 'Nesciunt quae a aperiam ducimus est temporibus. Hic culpa qui harum voluptatibus. Et omnis voluptatum quia ratione.', 3, '2020-10-24 09:07:15', '2020-10-24 09:07:15'),
(59, 20, 'Oswaldo Zieme', 'Quibusdam officia officia tempora eveniet omnis maiores iusto. Et in voluptatem iste repellat at quibusdam id enim. Eveniet veritatis sed repudiandae quas ipsa omnis officia.', 1, '2020-10-24 09:07:15', '2020-10-24 09:07:15'),
(60, 40, 'Elisabeth Williamson', 'Non consequatur voluptatem eos voluptatibus. Error culpa deleniti iusto neque nisi. Qui perspiciatis aut omnis ut iste dignissimos beatae. Atque explicabo nihil iusto nobis.', 3, '2020-10-24 09:07:15', '2020-10-24 09:07:15'),
(61, 44, 'Melany Tillman', 'Architecto accusantium modi reprehenderit et quasi qui quae quas. Velit hic molestiae voluptatibus dicta quidem architecto debitis nesciunt.', 1, '2020-10-24 09:07:15', '2020-10-24 09:07:15'),
(62, 31, 'Rosendo Franecki', 'Quia laborum ut nam. Amet earum doloremque praesentium minima similique enim. Beatae nobis est in consequatur repudiandae velit repudiandae. Autem id qui consectetur harum repudiandae magnam pariatur perspiciatis.', 2, '2020-10-24 09:07:15', '2020-10-24 09:07:15'),
(63, 37, 'Rosina Huel Jr.', 'Nihil aut accusamus qui in tenetur et. Est minima quo eligendi eius cum. Voluptate vel ut sapiente voluptatibus quis ut et. Sit inventore rerum nobis quis expedita deleniti debitis.', 4, '2020-10-24 09:07:15', '2020-10-24 09:07:15'),
(64, 8, 'Sigrid Wehner', 'Sed assumenda consequatur praesentium aliquid nihil debitis earum nihil. Et aut dolores molestiae voluptatum. Est atque cum facilis.', 2, '2020-10-24 09:07:15', '2020-10-24 09:07:15'),
(65, 33, 'Horacio Price', 'Laudantium nostrum sed tempore cumque velit numquam amet culpa. Illum aut aliquid nostrum voluptates ab. A doloribus unde quia magnam eveniet.', 3, '2020-10-24 09:07:15', '2020-10-24 09:07:15'),
(66, 6, 'Buster Abbott', 'Voluptate sit quam amet voluptatum praesentium perferendis hic quam. Ad et et sequi eaque maiores adipisci reprehenderit. Molestiae enim nulla aut temporibus qui enim maxime. Enim ut occaecati asperiores sunt accusantium voluptates optio.', 2, '2020-10-24 09:07:15', '2020-10-24 09:07:15'),
(67, 47, 'Isabella McGlynn DVM', 'Dolor rerum iusto et dolores et. Qui consequuntur ab culpa aut. Distinctio placeat recusandae unde.', 5, '2020-10-24 09:07:15', '2020-10-24 09:07:15'),
(68, 4, 'Miss Ocie Corwin', 'Qui quia natus ut. Consectetur maxime occaecati et fugit. Dolores nesciunt vero in mollitia nam. Repellat in autem est fugit dolorem maxime.', 3, '2020-10-24 09:07:15', '2020-10-24 09:07:15'),
(69, 14, 'Stephen Gerlach', 'Est esse sint et tenetur enim perferendis. Voluptatem quia sapiente quam in. Ipsa omnis pariatur blanditiis. Ipsam voluptatem exercitationem atque non pariatur. Sapiente saepe inventore maiores eaque eligendi nesciunt alias.', 5, '2020-10-24 09:07:15', '2020-10-24 09:07:15'),
(70, 23, 'Lurline Orn', 'Iste voluptatem quas magni est. Odio tempora quae ut omnis ut necessitatibus adipisci quod. Similique cum sed ut rerum impedit officiis.', 0, '2020-10-24 09:07:15', '2020-10-24 09:07:15'),
(71, 11, 'Kareem Ryan PhD', 'Voluptas exercitationem cupiditate ad velit. Possimus nisi magni at voluptatem.', 3, '2020-10-24 09:07:15', '2020-10-24 09:07:15'),
(72, 25, 'Lenny Aufderhar', 'Aspernatur quos et eaque sequi maiores. Consequuntur quibusdam ab itaque. Est omnis hic quaerat beatae est aliquam nam.', 2, '2020-10-24 09:07:15', '2020-10-24 09:07:15'),
(73, 17, 'Mrs. Rosamond Gulgowski I', 'Nemo voluptatem tempora occaecati architecto ex laborum delectus. Sed id libero quia. Aut perferendis cupiditate doloremque et fugit eum.', 0, '2020-10-24 09:07:15', '2020-10-24 09:07:15'),
(74, 50, 'Shyann D\'Amore', 'Maxime delectus dolorem veniam et ut aut. Nobis fugiat et vel corporis eius nihil at. Sed quibusdam sint sequi optio at dolor iste. Facere quasi aut quae mollitia voluptas quia.', 2, '2020-10-24 09:07:15', '2020-10-24 09:07:15'),
(75, 1, 'Carlotta Ward MD', 'Quam odit placeat dolorem qui assumenda quibusdam cum. Iste sapiente ratione sequi dignissimos nihil quidem. Ab repellat sapiente commodi nesciunt. Maxime eligendi dicta voluptas magni ab magnam eos.', 0, '2020-10-24 09:07:15', '2020-10-24 09:07:15'),
(76, 37, 'Dr. Sydnee Pfeffer', 'Et nemo aut laboriosam laborum ut. Quia sequi quisquam ut et omnis adipisci natus. Vero illo voluptatem qui nulla illum minus aliquam.', 4, '2020-10-24 09:07:15', '2020-10-24 09:07:15'),
(77, 33, 'Warren Raynor', 'Excepturi et debitis omnis velit. Voluptatem sed dolor aliquid nam explicabo rerum quae.', 1, '2020-10-24 09:07:15', '2020-10-24 09:07:15'),
(78, 19, 'Clare Zboncak', 'A dolor quae quia amet numquam quo. Sit rerum laudantium quia. Voluptate sed sit placeat illo eveniet eligendi. Debitis aut iusto voluptates iusto nesciunt iusto aliquid.', 5, '2020-10-24 09:07:15', '2020-10-24 09:07:15'),
(79, 15, 'Prof. Jaqueline Ullrich', 'Distinctio voluptate excepturi reiciendis aliquam perferendis sapiente officiis ad. Velit hic vitae quis sed ullam voluptas ut. Consectetur dicta cum sed ullam deserunt.', 4, '2020-10-24 09:07:15', '2020-10-24 09:07:15'),
(80, 17, 'Dr. Lawrence Kihn I', 'Alias sequi nostrum non consequatur voluptatibus ut maiores. Cupiditate harum a officia distinctio molestiae est quia. Ex et magnam autem quae corporis. Ut vero consectetur id ad.', 5, '2020-10-24 09:07:15', '2020-10-24 09:07:15'),
(81, 16, 'Jesus Hills', 'Quod sunt saepe ducimus error officiis eveniet voluptatum. Eveniet amet rerum est iusto temporibus provident cupiditate. Et atque dolores voluptate maiores voluptas. Quia eius corporis eum blanditiis dolor voluptatem eveniet.', 4, '2020-10-24 09:07:15', '2020-10-24 09:07:15'),
(82, 48, 'Kyla Rutherford', 'Tempora provident tempora neque sint. Velit totam fugit quibusdam eos. Sapiente porro maxime neque. Natus ut aliquid sequi earum dolore magnam soluta. Distinctio non quibusdam quis tempore consequuntur et pariatur reprehenderit.', 0, '2020-10-24 09:07:15', '2020-10-24 09:07:15'),
(83, 19, 'Giovanni Abernathy V', 'Dignissimos fugit facere occaecati voluptates explicabo voluptas aut. Id autem aut quas repellat qui quo ea quae. Et vero officiis ut repellendus excepturi aut magni pariatur. Numquam amet sequi incidunt.', 4, '2020-10-24 09:07:16', '2020-10-24 09:07:16'),
(84, 49, 'Arnulfo Eichmann', 'Voluptas rerum quidem quod repellendus vero rerum nihil. Debitis eos et omnis et ut aspernatur voluptatem itaque. Occaecati natus sapiente perspiciatis delectus unde.', 0, '2020-10-24 09:07:16', '2020-10-24 09:07:16'),
(85, 2, 'Lavina Hahn', 'Id cumque vel omnis veritatis et ut natus. Debitis maiores qui quia totam numquam provident ducimus optio. Ut non sed totam.', 4, '2020-10-24 09:07:16', '2020-10-24 09:07:16'),
(86, 19, 'Claudine Moore', 'Consectetur sint corporis cupiditate culpa non qui suscipit. Molestias error quibusdam earum. Ut aut quo fuga incidunt ut explicabo architecto.', 0, '2020-10-24 09:07:16', '2020-10-24 09:07:16'),
(88, 42, 'Miss Claudine Pfannerstill DVM', 'Voluptas tempore quia voluptates suscipit odio. Enim dignissimos ut consectetur excepturi ut tenetur. Corporis quod pariatur dolores temporibus blanditiis perferendis.', 2, '2020-10-24 09:07:16', '2020-10-24 09:07:16'),
(89, 12, 'Penelope Schuster', 'Omnis animi eos aut natus. Nihil voluptas unde omnis vel saepe nihil. Beatae pariatur perspiciatis labore distinctio.', 3, '2020-10-24 09:07:16', '2020-10-24 09:07:16'),
(90, 20, 'Tressie Luettgen', 'Ab rerum qui magni sed aut qui sit. Et optio minus perferendis et ipsam saepe. Rerum ipsam aut nesciunt explicabo explicabo ex exercitationem incidunt.', 0, '2020-10-24 09:07:16', '2020-10-24 09:07:16'),
(91, 19, 'Ms. Flavie Cummerata', 'Recusandae laudantium voluptatem ea fugit. Repudiandae nostrum nobis voluptatem quo ab enim explicabo. Harum voluptas voluptatem totam ut molestiae. Iste non aut facilis maiores.', 5, '2020-10-24 09:07:16', '2020-10-24 09:07:16'),
(92, 36, 'Jovani Quigley IV', 'Ratione accusamus expedita iste dolor nam expedita molestiae sit. Ut voluptas nihil ea culpa tenetur praesentium in. Hic voluptas perspiciatis velit aut fugiat rerum. Est et explicabo minus quod dicta rerum.', 5, '2020-10-24 09:07:16', '2020-10-24 09:07:16'),
(93, 18, 'Delphine Hill PhD', 'Reiciendis aliquid quia dolores facere voluptatem cum quos. Quia est deserunt voluptas. Atque et aut et saepe inventore tenetur et.', 4, '2020-10-24 09:07:16', '2020-10-24 09:07:16'),
(94, 12, 'Prof. Baby Abernathy DDS', 'Aut omnis eum minus a aliquid beatae molestiae. Architecto dicta dolore aut voluptatem cumque. Vitae repellat nihil nemo rerum. Asperiores perspiciatis debitis accusantium in.', 0, '2020-10-24 09:07:16', '2020-10-24 09:07:16'),
(95, 50, 'Mrs. Alexa Gutmann IV', 'Repudiandae animi officiis id molestiae quasi molestiae et. Quibusdam autem impedit ad non. Est et tenetur at quis.', 3, '2020-10-24 09:07:16', '2020-10-24 09:07:16'),
(96, 23, 'Frank King', 'Consequatur placeat autem sequi qui. Sunt totam esse aut nam sint. Ipsa autem temporibus sed repudiandae. Facere aliquid inventore omnis et sunt.', 4, '2020-10-24 09:07:16', '2020-10-24 09:07:16'),
(97, 31, 'Prof. Johnathan Abernathy', 'Harum dignissimos aliquam molestias dolorum. Quas doloremque dolores aut asperiores ea.', 5, '2020-10-24 09:07:16', '2020-10-24 09:07:16'),
(98, 5, 'Armand Breitenberg IV', 'Recusandae explicabo quas accusantium deserunt. Dolorum ex ut omnis est. Repellendus sit et modi natus qui illo. Eum aut iusto sed explicabo et natus.', 4, '2020-10-24 09:07:16', '2020-10-24 09:07:16'),
(99, 19, 'Zena Bernhard', 'Magni modi sequi accusantium. Doloremque corporis impedit sed nam at. Qui fuga provident possimus similique.', 1, '2020-10-24 09:07:16', '2020-10-24 09:07:16'),
(100, 8, 'Mr. Colby Abshire Sr.', 'Quaerat quo laborum rerum quam amet doloribus occaecati. Cupiditate autem fugiat ut cumque laboriosam iure sint nihil. Suscipit sit velit non sit animi.', 3, '2020-10-24 09:07:16', '2020-10-24 09:07:16'),
(101, 11, 'Sabina Schmidt', 'Beatae voluptate at et eos qui voluptatem aut. Unde quis corporis dolores. Non in dolores et atque numquam numquam. Non molestiae nobis et tenetur quae debitis sunt. Facilis earum dolorem aut omnis.', 3, '2020-10-24 09:07:16', '2020-10-24 09:07:16'),
(102, 7, 'Amir Kling Sr.', 'Assumenda est officiis aspernatur ut eos. Libero qui cupiditate vero et.', 2, '2020-10-24 09:07:16', '2020-10-24 09:07:16'),
(103, 36, 'Jarrett Morar', 'Ipsam consectetur qui ut aut provident expedita minima. Minus nulla quod nobis odit dolor. Perspiciatis repudiandae qui nihil nihil ea expedita officia.', 3, '2020-10-24 09:07:16', '2020-10-24 09:07:16'),
(104, 38, 'Dr. Ari Kerluke', 'Sit quas ut quisquam velit odit occaecati dolor. Maiores ab sed labore tempora. Repudiandae dolores voluptatem nostrum expedita reprehenderit debitis. Et aliquam voluptatem laborum aut rerum enim praesentium laborum.', 0, '2020-10-24 09:07:16', '2020-10-24 09:07:16'),
(105, 26, 'Reggie Macejkovic', 'Velit aut et nihil voluptatem qui quod similique. Laudantium saepe ullam rerum. Libero quibusdam et labore fugiat ut. Voluptatem culpa dolorem odit nostrum adipisci.', 3, '2020-10-24 09:07:16', '2020-10-24 09:07:16'),
(106, 2, 'Maud Schmidt', 'Vitae vel velit dolorem eius et. Non ab nam sit dolorem repellat harum voluptatem. Voluptatem labore excepturi et sapiente et.', 3, '2020-10-24 09:07:16', '2020-10-24 09:07:16'),
(107, 36, 'Marty Cummerata', 'Sed deserunt reprehenderit quas quod ea consequuntur necessitatibus tenetur. Qui a fugiat repellendus sit. Nam ipsum quis ad temporibus. Qui nisi rerum sed labore dolor incidunt dolores qui.', 5, '2020-10-24 09:07:16', '2020-10-24 09:07:16'),
(108, 37, 'Lelah Rowe', 'Id harum voluptas ut et saepe quia minus quia. Perferendis laborum est modi culpa natus. Illum beatae aut sunt dolor molestias. Voluptatibus occaecati molestias distinctio. Quia corporis perferendis consequuntur modi incidunt veniam voluptatem est.', 4, '2020-10-24 09:07:16', '2020-10-24 09:07:16'),
(109, 38, 'Prof. Mayra Parker I', 'Earum natus nemo quibusdam debitis autem reprehenderit explicabo. Omnis quae corporis laboriosam saepe molestias officia fuga soluta. Sint dolorem rerum numquam ea accusantium quia.', 1, '2020-10-24 09:07:16', '2020-10-24 09:07:16'),
(110, 6, 'Ally Dickinson', 'Repudiandae porro sint rem sit et nihil ullam expedita. Natus rem alias laborum magnam tempora ut eos. Exercitationem nostrum blanditiis magni est impedit nihil.', 2, '2020-10-24 09:07:16', '2020-10-24 09:07:16'),
(111, 37, 'Miss Lila Langosh', 'Officiis facilis quaerat quidem officiis. Nesciunt porro ad enim harum ducimus. Natus sed culpa sint ad nihil voluptatem. Aliquam minus quas autem dicta quaerat in.', 2, '2020-10-24 09:07:16', '2020-10-24 09:07:16'),
(112, 41, 'Mariah Wiegand', 'Sit saepe sed veniam non. Iste aspernatur ratione aperiam officiis. Ut facilis aut consequuntur laborum consequatur dolorem illum repellat.', 5, '2020-10-24 09:07:17', '2020-10-24 09:07:17'),
(113, 14, 'Miss Abigale Schoen', 'Eum ratione repudiandae est facilis ut beatae. Illo numquam maxime ab adipisci voluptatem saepe nisi voluptatum. Accusantium corrupti modi et iste. Ut magni eaque maxime accusamus doloribus odit.', 3, '2020-10-24 09:07:17', '2020-10-24 09:07:17'),
(114, 47, 'Ms. Pansy Mitchell', 'Fugit neque vel cumque architecto. Quidem ut odio commodi excepturi. Quia non iste perferendis doloremque ut. Impedit quae aliquid illum totam consequuntur et.', 0, '2020-10-24 09:07:17', '2020-10-24 09:07:17'),
(115, 46, 'Godfrey Dickinson', 'Architecto tenetur et dolorum dolores corporis. Totam tempora eum sint temporibus et blanditiis sunt. Quaerat facere eius ea ex. Aut nobis ea dolore sed ratione non.', 2, '2020-10-24 09:07:17', '2020-10-24 09:07:17'),
(116, 33, 'Miss Shaylee Armstrong III', 'Voluptate est recusandae labore voluptatum. Possimus qui praesentium qui quisquam cum. Mollitia aut nostrum ut omnis.', 1, '2020-10-24 09:07:17', '2020-10-24 09:07:17'),
(117, 25, 'Aleen Spinka', 'Numquam reprehenderit accusantium ut molestiae. Voluptatibus aut quod aliquid corporis qui non omnis aliquid.', 3, '2020-10-24 09:07:17', '2020-10-24 09:07:17'),
(118, 38, 'Dr. Adolf Wiegand Jr.', 'Reiciendis sed deleniti cum quia aut assumenda voluptatem. Maxime quod eum maiores accusantium deserunt ab illum. Nobis harum dolorum perferendis. Impedit rerum et officiis iure voluptates ea quaerat.', 3, '2020-10-24 09:07:17', '2020-10-24 09:07:17'),
(119, 15, 'Aryanna Botsford', 'Sunt maiores ratione omnis doloremque dolore error. Dolor vero similique doloremque praesentium et ut repudiandae. Accusantium et adipisci voluptatem assumenda. Dolor tempora consectetur quia quam ratione debitis.', 3, '2020-10-24 09:07:17', '2020-10-24 09:07:17'),
(120, 16, 'Mrs. Breanne Witting PhD', 'Nisi assumenda quia illo omnis facilis architecto provident. Sequi dolorem vitae facere accusantium quia ut. Delectus non quos voluptatem tempora illum modi similique.', 1, '2020-10-24 09:07:17', '2020-10-24 09:07:17'),
(121, 30, 'Earline Rolfson DVM', 'Omnis quos enim sint enim unde nihil. Omnis sit et velit neque similique.', 3, '2020-10-24 09:07:17', '2020-10-24 09:07:17'),
(122, 1, 'Pedro Ankunding', 'Et perferendis a culpa architecto. Et quasi sit possimus eum animi. Inventore cum iusto quam error quibusdam dolores enim laborum.', 2, '2020-10-24 09:07:17', '2020-10-24 09:07:17'),
(123, 33, 'Sabina O\'Reilly', 'Omnis qui qui voluptate voluptate. Velit nisi explicabo voluptatem totam quo consequatur iure.', 3, '2020-10-24 09:07:17', '2020-10-24 09:07:17'),
(124, 50, 'Lucile Goldner', 'Ducimus odit accusantium blanditiis aut voluptatem. Molestiae impedit quas temporibus in error molestiae aut velit. Minus provident et quo nobis.', 2, '2020-10-24 09:07:17', '2020-10-24 09:07:17'),
(125, 11, 'Jennie Macejkovic', 'Totam eum soluta et omnis quam. Fugiat deserunt perferendis magnam velit optio eligendi non rerum. Perspiciatis et sit quis possimus voluptas aliquid.', 3, '2020-10-24 09:07:17', '2020-10-24 09:07:17'),
(126, 14, 'Miss Viola Bogisich', 'Corrupti nihil voluptatem occaecati officiis rerum cumque. Ut et consequatur porro enim fugit iusto esse. Et ducimus et harum aliquid voluptatem nostrum unde.', 0, '2020-10-24 09:07:17', '2020-10-24 09:07:17'),
(127, 24, 'Dessie Treutel', 'Et dolor doloremque ut dicta. Ad aut quibusdam illo harum mollitia cum quam. In cum et sapiente laboriosam necessitatibus. Nihil dignissimos fuga eligendi ut.', 3, '2020-10-24 09:07:17', '2020-10-24 09:07:17'),
(128, 1, 'Dr. Veronica Frami', 'Omnis officiis maxime facilis omnis. Unde velit nulla ratione ea maiores velit velit. Est provident eos necessitatibus iusto quisquam rem omnis.', 1, '2020-10-24 09:07:17', '2020-10-24 09:07:17'),
(129, 38, 'Kayley Schowalter Jr.', 'Voluptatem id eius amet voluptas. Qui labore sint tenetur in velit veniam. Aspernatur et fugit laborum id. Non autem id ea adipisci.', 0, '2020-10-24 09:07:17', '2020-10-24 09:07:17'),
(130, 16, 'Mr. Christop Wisozk', 'Est atque ut dolorum omnis omnis labore in. Reiciendis illo optio saepe et id est. Nisi officia rerum sit. Officiis recusandae voluptas sit placeat ut soluta officia rerum.', 5, '2020-10-24 09:07:17', '2020-10-24 09:07:17'),
(131, 42, 'Dr. Adrain West', 'Totam dolores aut atque ut voluptatum. Deserunt corrupti ut ipsum eos dignissimos exercitationem consequatur officiis. Quae autem dolor ipsam nihil. Excepturi et delectus tempore eaque magni et autem.', 5, '2020-10-24 09:07:17', '2020-10-24 09:07:17'),
(132, 38, 'Jerrell Dicki', 'Eum voluptates earum sed esse. Tenetur ut cum porro occaecati ea molestias. Ipsam aliquam quisquam sequi animi possimus.', 4, '2020-10-24 09:07:17', '2020-10-24 09:07:17'),
(133, 23, 'Camilla Corwin', 'Atque temporibus recusandae ducimus distinctio officiis commodi maxime. Aperiam tempora sed mollitia officia. Quia velit ab maiores.', 5, '2020-10-24 09:07:17', '2020-10-24 09:07:17'),
(134, 13, 'Keanu Feil', 'Dolore autem et eum. Voluptas a sint quasi rerum et. Ducimus quas animi quo aut dolor tenetur et. Explicabo adipisci modi eveniet nisi soluta quisquam.', 1, '2020-10-24 09:07:17', '2020-10-24 09:07:17'),
(135, 11, 'Prof. Ahmad Heidenreich PhD', 'Nostrum alias aut beatae quis. Est perferendis quis laboriosam harum ipsa at.', 4, '2020-10-24 09:07:17', '2020-10-24 09:07:17'),
(136, 5, 'Claud Schiller', 'Dolore libero sunt aliquid molestiae sapiente at. Repellat aspernatur nostrum nostrum odio deserunt repudiandae molestiae est. Et rerum et modi error et eaque. Corporis expedita aliquid sed dolor et.', 3, '2020-10-24 09:07:18', '2020-10-24 09:07:18'),
(137, 24, 'Jaleel Marvin', 'Est non animi explicabo. Blanditiis quia reprehenderit officia necessitatibus cupiditate asperiores. Qui tenetur culpa non deleniti aut similique natus. Atque saepe commodi minima quia eum ad eos.', 0, '2020-10-24 09:07:18', '2020-10-24 09:07:18'),
(138, 34, 'Orin Reynolds', 'Possimus cumque quos ut voluptatum ut quis praesentium. Reiciendis qui et quia ab sint dolor quam aliquid. Perspiciatis laboriosam rerum et praesentium explicabo illo reprehenderit.', 1, '2020-10-24 09:07:18', '2020-10-24 09:07:18'),
(139, 20, 'Gabe Bechtelar', 'Officiis omnis eum recusandae. Reiciendis voluptas voluptatibus iste omnis ipsa nesciunt tempora. Illum excepturi reprehenderit eveniet vel non repellat.', 2, '2020-10-24 09:07:18', '2020-10-24 09:07:18'),
(140, 8, 'Henry Reichert', 'Nobis autem quis incidunt ex numquam. Quia autem omnis reiciendis excepturi. Et rerum voluptatem placeat ea est adipisci.', 0, '2020-10-24 09:07:18', '2020-10-24 09:07:18'),
(141, 45, 'Kenny Wyman', 'Sit aspernatur eum eos quia et sequi. Nesciunt facere accusantium et laudantium distinctio laborum. Magnam sit reiciendis corrupti placeat cupiditate assumenda. Quae omnis nam nemo voluptatibus delectus.', 2, '2020-10-24 09:07:18', '2020-10-24 09:07:18'),
(142, 6, 'Shayne Hoppe', 'Voluptatem id quo non. Qui sit dolores harum sed in aut et. Sit et sed itaque dolorem minus.', 5, '2020-10-24 09:07:18', '2020-10-24 09:07:18'),
(143, 47, 'Anabel Olson', 'Ad sequi id excepturi ad nisi. Eveniet dolorum veritatis qui et similique consequatur reiciendis. Ut maxime iusto quia. Necessitatibus similique ut voluptatem.', 4, '2020-10-24 09:07:18', '2020-10-24 09:07:18'),
(144, 43, 'Dr. Nelson Prosacco IV', 'Sit odio inventore nostrum earum consequatur. Maxime enim amet qui fuga quis quae minima nihil. Ex at deserunt nihil error iste dolor itaque.', 0, '2020-10-24 09:07:18', '2020-10-24 09:07:18'),
(145, 44, 'Caleigh Bogisich', 'Aut fugiat beatae amet unde quisquam enim aspernatur. Odit rerum maxime architecto consectetur impedit reiciendis. Id ipsum ea accusantium explicabo.', 4, '2020-10-24 09:07:18', '2020-10-24 09:07:18'),
(146, 17, 'Miss Ora Connelly MD', 'Eum blanditiis aut sunt exercitationem deleniti eius est. Consequatur saepe ullam eaque. Eos enim nihil facere nulla culpa dolorem.', 5, '2020-10-24 09:07:18', '2020-10-24 09:07:18'),
(147, 35, 'Suzanne Considine', 'Perferendis reprehenderit a sed libero ut iste. Quod non reiciendis quo velit vitae. Eos consequatur assumenda quaerat aliquam architecto.', 4, '2020-10-24 09:07:18', '2020-10-24 09:07:18'),
(148, 37, 'Lionel Hansen', 'Sed dolorem voluptas inventore nihil ut non. Inventore earum earum aut cum eum porro. Esse rerum commodi aut qui omnis. Et vel suscipit alias voluptatem velit autem laboriosam.', 3, '2020-10-24 09:07:18', '2020-10-24 09:07:18'),
(149, 48, 'Prof. Vita Hudson Sr.', 'Blanditiis quia officiis officiis. Officia natus facere autem libero ullam. Et soluta expedita voluptas rerum enim. Velit molestiae hic adipisci ut voluptas veniam dolores ducimus.', 0, '2020-10-24 09:07:18', '2020-10-24 09:07:18'),
(150, 30, 'Hal Grady', 'Et assumenda modi dolorem eos reiciendis. Distinctio placeat cupiditate perspiciatis voluptas. Quasi incidunt blanditiis ipsa omnis error ipsum voluptate. Amet aut quia consequuntur consequuntur.', 3, '2020-10-24 09:07:18', '2020-10-24 09:07:18'),
(151, 18, 'Jasmin Ebert', 'Vero dolorum sit cupiditate vero exercitationem repudiandae hic saepe. Vitae esse rerum temporibus qui praesentium. Aut ut nihil nisi velit et laudantium. Autem in doloribus minus rem occaecati reprehenderit.', 4, '2020-10-24 09:07:18', '2020-10-24 09:07:18'),
(152, 17, 'Yoshiko Ebert MD', 'Nihil architecto blanditiis nobis provident. Quam beatae illum sit. Aliquam id voluptatem sed odit. Occaecati quos debitis inventore consectetur rerum voluptatem sed.', 2, '2020-10-24 09:07:18', '2020-10-24 09:07:18'),
(153, 41, 'Prof. Caleb Hayes', 'Quidem et est nulla omnis praesentium vel consequuntur. Doloremque facilis nobis adipisci optio quo. Maxime illum enim corporis fugit est earum.', 1, '2020-10-24 09:07:18', '2020-10-24 09:07:18'),
(154, 30, 'Ana Osinski', 'Cupiditate molestiae non est. Modi esse voluptatem rerum natus. Quo et iure nulla ut aut et saepe ea.', 3, '2020-10-24 09:07:18', '2020-10-24 09:07:18'),
(155, 4, 'Prof. Lucile Davis DVM', 'Quia sed maiores possimus. Iure nostrum mollitia temporibus distinctio sit. Consequatur sunt est totam debitis omnis.', 2, '2020-10-24 09:07:18', '2020-10-24 09:07:18'),
(156, 47, 'August Okuneva', 'Similique id officiis qui et nobis atque sit architecto. Rem magnam excepturi veniam fugit blanditiis nulla. Ex officiis minus modi quo ut qui. Doloremque delectus excepturi aut facere sint.', 3, '2020-10-24 09:07:18', '2020-10-24 09:07:18'),
(157, 46, 'Estrella Rath', 'Amet quaerat et est. Dolores provident voluptatem pariatur odit eaque nisi aliquam. Ipsa voluptas dolor cumque saepe sed explicabo est. Magnam quo laborum aut ut.', 2, '2020-10-24 09:07:18', '2020-10-24 09:07:18'),
(158, 37, 'Mr. John Weber', 'Et animi ea provident sapiente dolore. Esse culpa qui possimus qui ullam velit mollitia. Voluptas consequatur odio non. Et aperiam enim esse iste.', 3, '2020-10-24 09:07:18', '2020-10-24 09:07:18'),
(159, 23, 'Ms. Noelia Lind', 'Magnam voluptate rerum fugit amet quis eligendi et. Cum et quo nihil voluptas. Nobis consectetur aut aut quisquam reiciendis modi ipsum dolores. Labore molestiae quo dolorem.', 0, '2020-10-24 09:07:18', '2020-10-24 09:07:18'),
(160, 37, 'Carroll Zboncak', 'Vel minima consequuntur occaecati consequatur eum asperiores. Sit qui numquam ullam ut aut illo. Quas sunt perferendis vel porro autem. Culpa natus nihil qui omnis error.', 4, '2020-10-24 09:07:19', '2020-10-24 09:07:19'),
(161, 25, 'Candida Marvin V', 'Optio architecto eligendi facilis eum laboriosam quaerat nemo. Quaerat error cum sint voluptas qui recusandae. Laborum sed officiis illo laborum. Minus officia et quibusdam voluptatum doloribus eum et.', 5, '2020-10-24 09:07:19', '2020-10-24 09:07:19'),
(162, 15, 'Dr. Zachary Keeling', 'Deserunt blanditiis voluptatum facere debitis iste. Nulla placeat voluptas facere laborum consectetur. Voluptas omnis sed aut ad veniam cupiditate eos incidunt. Quis rerum adipisci enim vel aliquam modi.', 1, '2020-10-24 09:07:19', '2020-10-24 09:07:19'),
(163, 48, 'Sheldon Langosh', 'Explicabo et eos et est sed. Consequatur occaecati et est architecto totam aut itaque omnis.', 4, '2020-10-24 09:07:19', '2020-10-24 09:07:19'),
(164, 28, 'Bria Barrows', 'Aspernatur assumenda perferendis perferendis et qui. Quia architecto provident fuga id nulla asperiores voluptatem qui. Quia qui culpa et consequatur. Quis esse amet vel.', 5, '2020-10-24 09:07:19', '2020-10-24 09:07:19'),
(165, 35, 'Berry Koch', 'Iure totam voluptas reiciendis eligendi ullam sapiente tenetur dicta. Cupiditate quibusdam recusandae incidunt eum quia veniam consectetur. Minima ut cumque error eos. Unde quod doloribus voluptatem fuga.', 1, '2020-10-24 09:07:19', '2020-10-24 09:07:19'),
(166, 34, 'Gwen Schowalter V', 'Quas excepturi ex velit neque consequuntur. Et a et necessitatibus qui corporis nam aliquid odio. Temporibus est minus soluta nihil.', 1, '2020-10-24 09:07:19', '2020-10-24 09:07:19'),
(167, 8, 'Neha Nader', 'Fugit tenetur quia tempore est vel quod sapiente et. Minus quidem rerum suscipit quo. Ducimus ut debitis aliquid maiores qui. Vel dolores aut animi dolor.', 2, '2020-10-24 09:07:19', '2020-10-24 09:07:19'),
(168, 22, 'Armani Romaguera', 'Officia ea blanditiis corrupti nihil qui qui omnis ut. Quibusdam provident qui hic et. Ipsa nihil nam incidunt iure.', 4, '2020-10-24 09:07:19', '2020-10-24 09:07:19'),
(169, 13, 'Mr. Ramiro Cummings', 'Sed atque maiores culpa et. Et est et voluptates non ea ut dolores maxime. Voluptatum velit aut earum id et aperiam sint.', 0, '2020-10-24 09:07:19', '2020-10-24 09:07:19'),
(170, 14, 'Mossie Torp', 'Officiis aut doloribus blanditiis facere libero. Molestias quos cumque est vitae animi occaecati excepturi.', 4, '2020-10-24 09:07:19', '2020-10-24 09:07:19'),
(171, 32, 'Caroline Kuhic', 'Tenetur sed vel aut. Soluta repellat possimus et. Illum perferendis ex sunt illum quis consectetur expedita ad. Totam repellat molestias necessitatibus assumenda corrupti modi recusandae tempore.', 5, '2020-10-24 09:07:19', '2020-10-24 09:07:19'),
(172, 45, 'Summer Stamm', 'Nisi enim molestiae omnis at. Itaque nihil sed eius est velit. Reprehenderit et ut sunt cum eaque architecto. Assumenda laboriosam corrupti voluptatem repellendus.', 2, '2020-10-24 09:07:19', '2020-10-24 09:07:19'),
(173, 14, 'Precious Spencer', 'Laboriosam sit vel molestiae dolores ut aut. Ut cum ab omnis delectus quis sed explicabo dolor. Vero officia et eos est laboriosam et nulla.', 4, '2020-10-24 09:07:19', '2020-10-24 09:07:19'),
(174, 13, 'Mya Gottlieb V', 'Natus aut blanditiis numquam qui deleniti ratione. Ut rem omnis earum et.', 2, '2020-10-24 09:07:19', '2020-10-24 09:07:19'),
(175, 24, 'Randal Williamson V', 'Omnis ut sunt excepturi in eum perspiciatis pariatur. Et quae reprehenderit magnam sed perferendis quia. Autem magnam voluptatem similique nisi eveniet ab doloremque.', 1, '2020-10-24 09:07:19', '2020-10-24 09:07:19'),
(176, 15, 'Alverta Aufderhar', 'Esse aut et error veritatis quis. Cum nam vitae iure ad qui et. Ipsum ab dolores accusamus aspernatur velit dolor dicta.', 3, '2020-10-24 09:07:19', '2020-10-24 09:07:19'),
(177, 25, 'Claudine Koelpin Jr.', 'Tenetur voluptatem voluptate voluptatem eum itaque et cum. Earum in praesentium officia in voluptas ipsam. Neque voluptatem distinctio sequi rerum ut modi laboriosam suscipit.', 1, '2020-10-24 09:07:19', '2020-10-24 09:07:19'),
(178, 33, 'Jaron Hermann I', 'Et inventore hic hic deleniti. Ea numquam nobis quia reprehenderit. Nemo fugiat quia aspernatur quibusdam exercitationem. Dolorum ex dolore cupiditate et.', 2, '2020-10-24 09:07:19', '2020-10-24 09:07:19'),
(179, 21, 'Stephen Donnelly', 'Pariatur cumque ullam est dolorem sapiente. Dicta ipsa est vero cum. Fugiat enim accusantium asperiores autem qui.', 5, '2020-10-24 09:07:19', '2020-10-24 09:07:19'),
(180, 46, 'Larissa Lindgren', 'Et nostrum explicabo pariatur odio quas officiis et. Cum recusandae et in tempora. Voluptas temporibus et minima aut dicta quo quaerat est.', 5, '2020-10-24 09:07:19', '2020-10-24 09:07:19'),
(181, 3, 'Sophie Schmidt', 'Qui molestias aliquam praesentium nihil et ut. Consequatur culpa vel quia voluptatum saepe est sit. Quia a consequatur ut quaerat doloremque dolore aut.', 1, '2020-10-24 09:07:19', '2020-10-24 09:07:19'),
(182, 23, 'Philip O\'Kon V', 'Velit officia totam sed est. Iste natus itaque debitis ad tempora quos beatae.', 0, '2020-10-24 09:07:19', '2020-10-24 09:07:19'),
(183, 45, 'Prof. Eugene Gleason', 'Sed consequatur non quas quia. Omnis voluptates quia aspernatur sit dolorem. Qui earum cupiditate eaque ad quia enim aut.', 4, '2020-10-24 09:07:19', '2020-10-24 09:07:19'),
(184, 31, 'Mr. Jayden Walter', 'Id dolorum voluptatem incidunt recusandae mollitia quasi. Quasi rerum unde quasi doloribus qui qui id exercitationem. Nihil pariatur veritatis dolorum eum dolorem. Voluptas eos necessitatibus in.', 1, '2020-10-24 09:07:19', '2020-10-24 09:07:19'),
(185, 19, 'Nellie Konopelski', 'Eum at qui eum consequatur voluptatem voluptatem sit. Quam commodi fugiat modi quaerat dolores rerum est rerum. Occaecati qui alias aut ut pariatur.', 1, '2020-10-24 09:07:20', '2020-10-24 09:07:20'),
(186, 47, 'Ms. Lori Homenick II', 'Reprehenderit omnis facere eum nam. Laboriosam nemo sed eveniet consequuntur quasi adipisci dolores. Eum molestiae minus exercitationem aliquam ipsa pariatur cumque. Quisquam magnam debitis quaerat non sed dolor.', 2, '2020-10-24 09:07:20', '2020-10-24 09:07:20'),
(187, 3, 'Prof. Evans Lynch MD', 'Esse quia porro non unde. Ducimus dolorem itaque aut officiis est et. Laudantium et eaque sint sit quos.', 1, '2020-10-24 09:07:20', '2020-10-24 09:07:20'),
(188, 29, 'Glenna Sauer', 'Voluptas quasi illo vel magni harum perferendis. Voluptates nihil qui ut alias dolor debitis. Facere vel et est aut aut molestias voluptas qui.', 1, '2020-10-24 09:07:20', '2020-10-24 09:07:20'),
(189, 14, 'Mrs. Lily Crooks II', 'Voluptatem reprehenderit praesentium et reiciendis quo consequatur sit. Asperiores tenetur molestias explicabo est ut esse aut. Accusantium et et similique. Dicta porro est adipisci eum et velit cumque.', 5, '2020-10-24 09:07:20', '2020-10-24 09:07:20'),
(190, 29, 'Mr. Michel Bednar PhD', 'Voluptates illo itaque eos omnis doloribus eum inventore. Rerum numquam quam ut illo esse sunt qui corporis. Id omnis natus molestiae est minus maxime eius.', 2, '2020-10-24 09:07:20', '2020-10-24 09:07:20'),
(191, 16, 'Baby Keebler', 'Voluptatem voluptatem laudantium perferendis distinctio aut qui quae. Beatae soluta eius dolores ut excepturi exercitationem. Quisquam voluptatem nostrum dolorem vitae ut. Sed id explicabo qui non deserunt ut qui.', 3, '2020-10-24 09:07:20', '2020-10-24 09:07:20'),
(192, 49, 'Dr. Felton Wyman Jr.', 'Nihil itaque saepe architecto sunt est autem voluptas. Aut quis fugiat dolorum nulla hic officia. Aut excepturi aut veritatis ut eos enim et. Cum quia quod voluptate culpa voluptatibus officiis occaecati corrupti.', 3, '2020-10-24 09:07:20', '2020-10-24 09:07:20'),
(193, 2, 'Osbaldo Bogisich', 'Similique eos vel rerum quas ea. Ut pariatur occaecati ab rerum. Molestiae quod nulla autem vitae asperiores.', 4, '2020-10-24 09:07:20', '2020-10-24 09:07:20'),
(194, 3, 'Jan Davis II', 'Repellat id ipsam maiores aut dolor eius officia excepturi. Temporibus dolor quas unde omnis et. Perspiciatis iure ut dolores at sequi quasi rem. Error sapiente dolore amet a minima.', 2, '2020-10-24 09:07:20', '2020-10-24 09:07:20'),
(195, 19, 'Sid Morar', 'A et assumenda autem debitis non. Possimus ut commodi suscipit optio aperiam. Consequatur autem aliquid voluptas quos. Exercitationem aut eaque facere sint vitae molestias quia neque.', 2, '2020-10-24 09:07:20', '2020-10-24 09:07:20'),
(196, 12, 'Elias Greenholt', 'Repellat ea praesentium ea explicabo sint dolore libero. Ab qui sunt et consectetur dolor totam itaque voluptate.', 0, '2020-10-24 09:07:20', '2020-10-24 09:07:20'),
(197, 48, 'Prof. Lisandro Rowe', 'Sequi quis unde aspernatur aut. Sunt sint illo beatae atque dolores in. Id ducimus perspiciatis id vitae harum. Eaque sed rerum sint dolor eaque dolorem laborum.', 4, '2020-10-24 09:07:20', '2020-10-24 09:07:20'),
(198, 4, 'Josh Marks', 'Inventore eos sed aut cumque error corrupti ducimus qui. Est id distinctio quae qui. Nostrum enim neque sit impedit tempore dolore. Velit nihil repudiandae corporis atque non.', 3, '2020-10-24 09:07:20', '2020-10-24 09:07:20'),
(199, 42, 'Linnea Dietrich PhD', 'Hic quam quasi facilis. Sunt nisi aliquam laboriosam et possimus possimus illo.', 1, '2020-10-24 09:07:20', '2020-10-24 09:07:20'),
(200, 20, 'Estella Leannon', 'Suscipit nam minus omnis rerum. Aspernatur ipsa nesciunt unde aperiam sed nesciunt. Porro voluptas sint quia fugit eius expedita ab. Totam culpa minima qui ut sequi sequi.', 1, '2020-10-24 09:07:20', '2020-10-24 09:07:20'),
(201, 46, 'Prof. Judd Hoeger DDS', 'Autem iure reprehenderit itaque sit. Ut voluptatem dicta beatae. Ut excepturi impedit harum quas atque quasi.', 3, '2020-10-24 09:07:20', '2020-10-24 09:07:20'),
(202, 36, 'Cooper Ledner', 'Vitae omnis neque ratione doloremque. Deserunt quae ab suscipit suscipit ut aliquid molestiae cumque. Ab nihil repellendus molestias at ut.', 0, '2020-10-24 09:07:20', '2020-10-24 09:07:20'),
(203, 40, 'Chester Fisher', 'Dolore cupiditate laborum saepe voluptatum. Maiores eum illum optio autem accusamus. Delectus quasi et omnis vero.', 3, '2020-10-24 09:07:20', '2020-10-24 09:07:20'),
(204, 15, 'Cary Green', 'Saepe totam voluptatem quas accusamus qui aut eos aut. Eum eos sint impedit dolorum inventore. Ut perferendis accusantium qui et.', 4, '2020-10-24 09:07:20', '2020-10-24 09:07:20'),
(205, 42, 'Cleta Kautzer', 'Animi veniam debitis consequuntur et. Deserunt fuga vel ut earum sed. Et sed asperiores corporis et eligendi veritatis.', 1, '2020-10-24 09:07:21', '2020-10-24 09:07:21'),
(206, 11, 'Edwardo Lang IV', 'Est et necessitatibus sit ea. Sed culpa aut ut aliquid distinctio aut dolores. Dolor quod omnis ut omnis velit voluptas odio. Voluptatem aperiam architecto corporis.', 4, '2020-10-24 09:07:21', '2020-10-24 09:07:21'),
(207, 48, 'Reanna Gibson', 'Numquam doloribus reprehenderit corrupti voluptas dolores architecto et. Velit distinctio nihil repudiandae suscipit. Eum facilis reiciendis at quia nobis quia. Est et vero hic ullam eos et qui nam.', 1, '2020-10-24 09:07:21', '2020-10-24 09:07:21'),
(208, 18, 'Prof. Jalon Rolfson', 'Dolor cumque deleniti maxime voluptas. Voluptatem sint ullam nostrum earum dolores officiis nam.', 3, '2020-10-24 09:07:21', '2020-10-24 09:07:21'),
(209, 22, 'Beaulah Runolfsdottir', 'Quia tempore vero perspiciatis in amet. Voluptatum qui magnam et velit eum quia consequuntur ut. Id perspiciatis nemo dolorem enim. Nihil maxime quo assumenda facere mollitia. Minus quasi magnam consequuntur aut.', 3, '2020-10-24 09:07:21', '2020-10-24 09:07:21'),
(210, 33, 'Cleo Conn', 'Soluta quam amet cum necessitatibus iure nobis qui sunt. Provident enim aut eos vel cumque. Debitis commodi ut aut.', 2, '2020-10-24 09:07:21', '2020-10-24 09:07:21'),
(211, 16, 'Carrie Macejkovic V', 'Quibusdam culpa illum sunt excepturi ullam incidunt quibusdam. Excepturi esse quae ullam. Similique quia sit dolorem quos ratione. Totam quia ducimus dolorum aliquid.', 0, '2020-10-24 09:07:21', '2020-10-24 09:07:21');
INSERT INTO `reviews` (`id`, `product_id`, `customer`, `review`, `star`, `created_at`, `updated_at`) VALUES
(212, 48, 'Ms. Nona Johnson', 'Reiciendis ipsam est et et et fugiat et. Pariatur minima aliquid aspernatur adipisci id est dolorem recusandae. Expedita eveniet aut sed rerum. Porro veritatis non dicta consequatur at quia ad.', 3, '2020-10-24 09:07:21', '2020-10-24 09:07:21'),
(213, 3, 'Mr. Demarco O\'Conner DDS', 'Et fugiat laudantium vero sunt vero ut. Qui cupiditate sit rerum mollitia suscipit dolor qui velit. Provident voluptate debitis ut omnis. Hic non aut itaque aliquam ex dolores.', 1, '2020-10-24 09:07:21', '2020-10-24 09:07:21'),
(214, 44, 'Bret Nader', 'Officiis ut suscipit et eos quia. Neque atque qui corporis dolorum rem. Voluptate omnis aut nihil velit quam quo tenetur libero.', 5, '2020-10-24 09:07:21', '2020-10-24 09:07:21'),
(215, 14, 'Coty Jacobi', 'Exercitationem qui eum beatae similique labore. Porro velit voluptatem maiores mollitia necessitatibus doloremque. Et consectetur corporis dignissimos aliquam. Voluptatibus recusandae voluptatem qui adipisci.', 4, '2020-10-24 09:07:21', '2020-10-24 09:07:21'),
(216, 10, 'Mr. Francisco Green', 'Ut autem omnis perspiciatis cum. Neque quasi labore porro sint sit nemo.', 1, '2020-10-24 09:07:21', '2020-10-24 09:07:21'),
(217, 4, 'Deanna Schroeder', 'Quibusdam omnis quam voluptatibus aut harum iusto incidunt. Odio corrupti eius voluptatem esse. Labore aut voluptas natus molestiae fugiat.', 5, '2020-10-24 09:07:21', '2020-10-24 09:07:21'),
(218, 32, 'Viviane Kertzmann', 'Enim ut maxime illo nihil nihil. Laudantium eius distinctio quibusdam modi dolores. Reprehenderit sapiente et laboriosam rem.', 0, '2020-10-24 09:07:21', '2020-10-24 09:07:21'),
(219, 28, 'Kyleigh Greenholt', 'Consequatur quo et inventore dignissimos. Tempore earum quia sed corrupti aperiam provident et. Soluta et sint inventore et quam voluptas laboriosam.', 1, '2020-10-24 09:07:21', '2020-10-24 09:07:21'),
(220, 8, 'Isabell Koepp', 'Omnis fugit quo nobis nesciunt voluptatibus a illum. Est ducimus beatae rerum est ipsa labore. Ut aut deleniti ut temporibus. Qui sed inventore ea minima et.', 2, '2020-10-24 09:07:21', '2020-10-24 09:07:21'),
(221, 32, 'Devan Renner', 'Fuga itaque molestiae reiciendis cum recusandae non. Dicta quibusdam laboriosam aut et ullam minima.', 5, '2020-10-24 09:07:21', '2020-10-24 09:07:21'),
(222, 42, 'Dr. Alayna Larkin IV', 'Laborum ut delectus quasi cupiditate nihil. Quia necessitatibus qui eum nihil voluptate ea nisi odit. Quia ducimus voluptate rerum aspernatur in. Aut quia quis odit ab non est qui laborum.', 5, '2020-10-24 09:07:21', '2020-10-24 09:07:21'),
(223, 45, 'Josiah Haag Sr.', 'Et vel sunt officiis repellendus eligendi voluptatem. Perspiciatis perferendis ullam quo incidunt doloribus impedit esse. Molestiae iste harum numquam eum tempore minus qui.', 0, '2020-10-24 09:07:21', '2020-10-24 09:07:21'),
(224, 26, 'Alda Mohr', 'Quasi cupiditate amet aut qui ab. Ipsam ut accusantium molestiae consectetur et rem. Non officiis ipsum perferendis assumenda quia dicta qui.', 1, '2020-10-24 09:07:21', '2020-10-24 09:07:21'),
(225, 27, 'Janiya Auer', 'Ut aut ullam totam deserunt at nesciunt. Temporibus consequuntur neque enim consequuntur omnis in. Nisi occaecati repellat perspiciatis quibusdam. Aliquam ipsa dicta consequatur rerum aut.', 2, '2020-10-24 09:07:21', '2020-10-24 09:07:21'),
(226, 38, 'Prof. Johnson Monahan MD', 'Debitis asperiores non accusantium et sunt. Corrupti ipsum molestiae cum omnis. Aut ab eveniet consectetur.', 3, '2020-10-24 09:07:21', '2020-10-24 09:07:21'),
(227, 35, 'Karley Murphy', 'Ea rerum ducimus architecto qui. Dignissimos eius distinctio odit. Impedit temporibus et illo ea commodi ut eveniet. Unde quasi aut natus pariatur sed neque ex. Ab vel magni modi quae eum minus.', 2, '2020-10-24 09:07:21', '2020-10-24 09:07:21'),
(228, 47, 'Jammie Smitham Jr.', 'Officia esse aspernatur maiores iure nobis cupiditate. Fuga repellendus totam voluptas eaque sit.', 4, '2020-10-24 09:07:21', '2020-10-24 09:07:21'),
(229, 49, 'Ismael Botsford', 'Id voluptate eaque ducimus reiciendis alias aspernatur aut. Sunt temporibus nihil ut dolorum. Cupiditate debitis et reiciendis vel labore.', 2, '2020-10-24 09:07:21', '2020-10-24 09:07:21'),
(230, 40, 'Gage Emmerich', 'Quidem quas consequatur nihil minima et voluptatem sunt. Saepe eligendi ullam eaque vitae blanditiis dolore. Sed atque quas itaque et ducimus repudiandae ex et.', 5, '2020-10-24 09:07:22', '2020-10-24 09:07:22'),
(231, 49, 'Lolita Schmidt', 'Aspernatur quasi vel quas distinctio. Beatae est delectus enim consequatur. Laborum et ut quia maiores non.', 0, '2020-10-24 09:07:22', '2020-10-24 09:07:22'),
(232, 24, 'Broderick Bergstrom', 'Iusto voluptas distinctio ratione delectus est odio omnis. Suscipit nesciunt nihil harum consequatur ut neque. Laudantium et blanditiis soluta inventore. Blanditiis rerum doloremque deleniti quis maxime fugiat.', 2, '2020-10-24 09:07:22', '2020-10-24 09:07:22'),
(233, 39, 'Tiana White', 'Et veritatis facere ex cupiditate a reiciendis reprehenderit est. Officia et vitae unde reiciendis aut. Mollitia et eveniet reiciendis quis necessitatibus tempora.', 2, '2020-10-24 09:07:22', '2020-10-24 09:07:22'),
(234, 50, 'Raven Ratke DDS', 'Voluptatibus debitis harum itaque eaque qui eos necessitatibus. Deserunt est qui perspiciatis ullam.', 4, '2020-10-24 09:07:22', '2020-10-24 09:07:22'),
(235, 32, 'Mr. Morton Considine PhD', 'Debitis voluptate exercitationem et adipisci blanditiis. Quis aspernatur reiciendis delectus natus aliquam quia animi. Et et in omnis dolorum ducimus quas excepturi. Veniam autem labore illo dicta.', 2, '2020-10-24 09:07:22', '2020-10-24 09:07:22'),
(236, 3, 'Jairo Romaguera', 'Illo perspiciatis voluptate et praesentium est. Est voluptatem aliquid nemo. Magni quod similique totam veritatis amet laborum. Commodi et magnam impedit et ipsum.', 3, '2020-10-24 09:07:22', '2020-10-24 09:07:22'),
(237, 37, 'Bobby Herman', 'Ipsa vel veniam eaque error et modi. Odit ad voluptatum dolorum sunt quis voluptas facilis. Modi commodi suscipit vel in architecto. Dicta aut molestiae ut.', 2, '2020-10-24 09:07:22', '2020-10-24 09:07:22'),
(238, 24, 'Buck Shanahan', 'Id sequi veritatis dolores vel. Explicabo dolorum sed non laborum alias molestiae voluptatem.', 3, '2020-10-24 09:07:22', '2020-10-24 09:07:22'),
(239, 3, 'Dr. Priscilla Schmitt V', 'Accusantium odio ipsa quia ut ipsum et. Molestiae explicabo repudiandae eligendi et rerum consequatur nihil. Sit id dolorem mollitia et. Omnis modi commodi in.', 3, '2020-10-24 09:07:22', '2020-10-24 09:07:22'),
(240, 26, 'Terrance Rohan', 'Sequi ea architecto culpa nulla dolor voluptatibus voluptatibus. Architecto eum quibusdam reiciendis qui illo non quo.', 0, '2020-10-24 09:07:22', '2020-10-24 09:07:22'),
(241, 39, 'Letha Ferry', 'Voluptatum natus sapiente modi et sed dolorem. Aperiam placeat et molestiae quidem repellendus. Repudiandae eum aut voluptas dolores animi vitae. Quae qui molestiae ipsum sit.', 5, '2020-10-24 09:07:22', '2020-10-24 09:07:22'),
(242, 21, 'Mrs. Eunice Goldner PhD', 'Error vel accusamus assumenda fuga mollitia. Rerum non non illo ut necessitatibus praesentium earum. Quia minima nihil vel nisi perspiciatis pariatur corrupti.', 1, '2020-10-24 09:07:22', '2020-10-24 09:07:22'),
(243, 39, 'Hayley Skiles', 'Qui incidunt laboriosam quis et. Culpa sunt quidem occaecati voluptatem. Est voluptas quo voluptatibus ipsa ut.', 2, '2020-10-24 09:07:22', '2020-10-24 09:07:22'),
(244, 45, 'Phyllis Hane', 'Nam accusamus aut molestias maiores consequuntur necessitatibus. Ipsam blanditiis totam est accusamus odio harum sit. Nulla eos veniam sed officiis maxime sit.', 0, '2020-10-24 09:07:22', '2020-10-24 09:07:22'),
(245, 14, 'Kristin Predovic Jr.', 'Fuga ipsam ea ipsum aut deserunt. Qui ducimus ullam ipsum quisquam quae reiciendis et. Voluptatem dicta corrupti ea perspiciatis in. Omnis sunt labore inventore quos eligendi et expedita.', 5, '2020-10-24 09:07:22', '2020-10-24 09:07:22'),
(246, 8, 'Ellsworth Hamill', 'Explicabo eligendi esse recusandae totam. Adipisci ea fugiat sint. Aspernatur quidem voluptas et voluptas sint minima enim. Aliquam modi qui sequi architecto.', 3, '2020-10-24 09:07:22', '2020-10-24 09:07:22'),
(247, 1, 'Prof. Aniyah Hoeger', 'Incidunt distinctio velit ea voluptates esse. Consequatur ipsum debitis molestiae quam assumenda provident. Aperiam aut fugiat excepturi alias veniam.', 3, '2020-10-24 09:07:22', '2020-10-24 09:07:22'),
(248, 10, 'Susana Reichel', 'Sint ullam illum dolorem voluptatem voluptatibus. Incidunt itaque velit sunt quidem. Sapiente molestias maiores tenetur.', 4, '2020-10-24 09:07:22', '2020-10-24 09:07:22'),
(249, 30, 'Fidel Streich', 'Esse recusandae quibusdam veniam quisquam est. Aut omnis explicabo non explicabo facilis temporibus nisi. Rerum a sunt porro laudantium rerum.', 3, '2020-10-24 09:07:22', '2020-10-24 09:07:22'),
(251, 42, 'Prof. Vito Hartmann', 'Necessitatibus sit pariatur dolorum modi laudantium sapiente. Architecto voluptatem expedita sunt nobis.', 3, '2020-10-24 09:07:22', '2020-10-24 09:07:22'),
(252, 17, 'Dr. Jovan Koch IV', 'Sed voluptas et cumque. Exercitationem ipsum et totam aut cupiditate. Id eius blanditiis nobis error. Natus recusandae aut perspiciatis rerum.', 3, '2020-10-24 09:07:22', '2020-10-24 09:07:22'),
(253, 23, 'Drake Goldner III', 'Delectus at et dolorum quod et autem. Aliquid tenetur et fugit et maxime ad ratione qui.', 5, '2020-10-24 09:07:22', '2020-10-24 09:07:22'),
(254, 21, 'Stephon Bartell', 'Cumque doloremque voluptatem perferendis sed repellat aut aut perferendis. Similique doloremque dolores accusantium sapiente.', 1, '2020-10-24 09:07:22', '2020-10-24 09:07:22'),
(255, 22, 'Mr. Wilber Wolf PhD', 'Porro qui dolor voluptatibus expedita ratione. Amet quod maiores neque quidem esse. Voluptatem fuga sed vitae deleniti quae corrupti reprehenderit.', 4, '2020-10-24 09:07:22', '2020-10-24 09:07:22'),
(256, 29, 'Bradly Nicolas II', 'Repellendus atque est quasi possimus excepturi nisi quas optio. Corrupti maxime quidem et suscipit. Aut dolorem non molestiae quos quia omnis molestiae.', 3, '2020-10-24 09:07:22', '2020-10-24 09:07:22'),
(257, 25, 'Vidal Klocko MD', 'Aspernatur suscipit ipsa modi alias et aut rem. Eveniet reiciendis consequuntur error nulla eveniet corporis. Temporibus ut provident consectetur illo. Ut eaque temporibus suscipit odit sunt. Aut velit non sit et quas voluptatem sed dolores.', 5, '2020-10-24 09:07:22', '2020-10-24 09:07:22'),
(258, 45, 'Brenna Schmitt DVM', 'Voluptas nostrum odio enim blanditiis voluptatem quia quo eos. Repellendus officiis delectus distinctio. Qui possimus reprehenderit nisi sunt in.', 2, '2020-10-24 09:07:23', '2020-10-24 09:07:23'),
(259, 29, 'Zachary Schroeder', 'Inventore quia similique eos reiciendis rerum. Odio optio distinctio consequuntur ipsum rerum. Quibusdam et incidunt rerum quibusdam aut consequatur in nam. Hic dicta nam et et qui. Hic et velit nihil fugiat cumque nesciunt perspiciatis.', 4, '2020-10-24 09:07:23', '2020-10-24 09:07:23'),
(260, 34, 'Rashawn Cole', 'Culpa quidem non est quo ea. Et iusto voluptatibus nesciunt corrupti quisquam rem. Voluptates sequi aperiam voluptas iusto omnis dolor. Facilis ad rem saepe et eveniet asperiores facere dolorem.', 1, '2020-10-24 09:07:23', '2020-10-24 09:07:23'),
(261, 14, 'Myrl Bechtelar', 'Asperiores aperiam rerum eveniet delectus ut eaque numquam quo. Praesentium et autem sint expedita perspiciatis. Et reiciendis explicabo nemo officia. Maxime fugiat et consequatur.', 5, '2020-10-24 09:07:23', '2020-10-24 09:07:23'),
(262, 15, 'Arne Blanda', 'Nostrum veritatis omnis dicta quis earum qui aut. Aperiam nisi dolores animi. Ut eaque rem omnis et pariatur porro ex. Non aut illum veniam accusantium dolor.', 4, '2020-10-24 09:07:23', '2020-10-24 09:07:23'),
(263, 37, 'Miss Brandy Halvorson', 'Illo ratione quia est quia sint sequi dicta. Quia sit corporis nobis iure officiis reprehenderit. Sit atque omnis quibusdam ea est consequatur odio facilis. Sint non et nam quaerat facere.', 2, '2020-10-24 09:07:23', '2020-10-24 09:07:23'),
(264, 15, 'Mr. Justyn D\'Amore', 'Earum sint magni deleniti assumenda culpa. Consequatur placeat quia cumque tempora. Iure eos minima quia voluptas nam. Aut omnis rem et esse consectetur iusto.', 4, '2020-10-24 09:07:23', '2020-10-24 09:07:23'),
(265, 38, 'Mr. Columbus Will Sr.', 'Perspiciatis sit recusandae illo temporibus atque dolore aliquid. Nam ex nisi et non aut voluptas. Non aliquid et aperiam et. Cumque a et odio veniam veritatis consequatur.', 4, '2020-10-24 09:07:23', '2020-10-24 09:07:23'),
(266, 27, 'Emery Lueilwitz', 'Aut laudantium quis voluptatem accusantium. Amet nam praesentium occaecati et maxime sunt.', 5, '2020-10-24 09:07:23', '2020-10-24 09:07:23'),
(267, 26, 'Miss Rosanna Cremin', 'Veniam soluta quis est eum. Illum dolores consectetur veritatis vero molestiae et. Et repellendus qui exercitationem expedita a.', 5, '2020-10-24 09:07:23', '2020-10-24 09:07:23'),
(268, 26, 'Prof. Jarvis Rohan', 'Quae similique sunt excepturi voluptatibus ipsum. Voluptatem magni eum laudantium atque et accusantium aut hic. Voluptate eligendi cupiditate cupiditate reiciendis.', 3, '2020-10-24 09:07:23', '2020-10-24 09:07:23'),
(269, 42, 'Dr. Marlon Cummings', 'Doloremque quibusdam et dignissimos tempore quis esse dicta. Architecto ut porro ipsa consequatur ut. Autem modi qui quo. Velit omnis impedit dolorem debitis sit voluptate iure.', 0, '2020-10-24 09:07:23', '2020-10-24 09:07:23'),
(270, 23, 'Prof. Terence Reichel', 'Et dolorem eveniet quidem tenetur sint. Rerum molestiae vero ducimus eaque. Et a quis officiis molestiae. Aut sit voluptatem odio sunt rerum.', 0, '2020-10-24 09:07:23', '2020-10-24 09:07:23'),
(271, 13, 'Izabella Paucek', 'Placeat velit ut et iure. Soluta rerum et et nam. Vitae nulla ex deleniti maiores commodi.', 5, '2020-10-24 09:07:23', '2020-10-24 09:07:23'),
(272, 24, 'Dr. Sedrick Swaniawski', 'Quod molestiae vero aut aut. Molestiae esse nemo qui nam aut laboriosam. Voluptatem laborum reprehenderit est dolorem dolores aspernatur.', 4, '2020-10-24 09:07:23', '2020-10-24 09:07:23'),
(273, 25, 'Mrs. Domenica Bins', 'Ea ex saepe omnis et vero quae consequatur neque. Dolorum esse officia rem et. Saepe tempora ullam omnis consequatur rerum.', 2, '2020-10-24 09:07:23', '2020-10-24 09:07:23'),
(274, 17, 'Prof. Allison Lindgren IV', 'Voluptatem mollitia dolor autem itaque recusandae reiciendis. Nostrum a quia labore quo quaerat cum enim. Ipsam vitae doloremque sapiente harum qui. Tempore odit id a qui repellendus cum nihil quis.', 2, '2020-10-24 09:07:23', '2020-10-24 09:07:23'),
(275, 11, 'Christine Kovacek', 'Eveniet dicta corrupti exercitationem sit. Labore pariatur voluptatem ipsam modi aut eos. Consectetur ullam ut et. Itaque velit eaque delectus voluptatem et fugiat.', 1, '2020-10-24 09:07:23', '2020-10-24 09:07:23'),
(277, 29, 'Neha Gutkowski', 'Similique dolorum inventore sed vero aut suscipit debitis. Excepturi et est aut totam nobis maiores odit. Fugiat enim ipsam aliquam impedit qui. Nihil maxime nam voluptas expedita possimus nihil.', 4, '2020-10-24 09:07:23', '2020-10-24 09:07:23'),
(278, 50, 'Ms. Cindy Schimmel', 'Fugiat sint omnis hic esse possimus voluptate nihil. Officiis neque sit neque occaecati corrupti ex. Est sunt quia quo in sed eos aut molestiae.', 4, '2020-10-24 09:07:23', '2020-10-24 09:07:23'),
(279, 36, 'Mr. Donnell Douglas Jr.', 'Labore consequatur qui facilis soluta qui porro velit. Nisi dolore nemo ratione fugiat in. Eaque et delectus voluptatem eum. Esse amet eos temporibus illum sed et aliquam.', 2, '2020-10-24 09:07:23', '2020-10-24 09:07:23'),
(280, 37, 'Theodore Will', 'Ea pariatur eos sint velit et. Voluptas molestiae suscipit qui aut. Ut et fugiat veritatis est sit. Amet eveniet enim molestiae. Fugiat quia libero quibusdam impedit.', 1, '2020-10-24 09:07:24', '2020-10-24 09:07:24'),
(281, 50, 'Prof. Dereck Corwin', 'Deserunt quis corrupti dolores occaecati temporibus qui eum. Deserunt magnam ut illo occaecati. Laborum molestiae culpa impedit et.', 5, '2020-10-24 09:07:24', '2020-10-24 09:07:24'),
(282, 10, 'Prof. Conrad Hagenes', 'Incidunt omnis est saepe rerum expedita ratione. Consequatur ipsam necessitatibus eos maxime omnis totam rerum. Nulla saepe ut odit et aut quia et. Illo unde vitae voluptas rerum. Occaecati soluta eligendi quis.', 4, '2020-10-24 09:07:24', '2020-10-24 09:07:24'),
(283, 50, 'Ewell Morissette', 'Alias doloribus debitis voluptatum architecto vitae. Impedit illum accusamus et voluptas eos quos laborum. Culpa ducimus ullam aut inventore tempora omnis. Perspiciatis sapiente laudantium inventore itaque.', 2, '2020-10-24 09:07:24', '2020-10-24 09:07:24'),
(284, 13, 'Miss Elaina Stehr', 'Sunt minus asperiores tempora et consequatur occaecati sequi. Tempora dolorem sed magni aliquam enim ducimus dicta. Placeat voluptatem sit aut cum. Autem aperiam sunt quo animi quod earum et.', 2, '2020-10-24 09:07:24', '2020-10-24 09:07:24'),
(285, 41, 'Flossie Bechtelar', 'Eos non inventore nesciunt amet laboriosam. Neque optio optio illum provident a aspernatur. Nemo a at qui quia vitae voluptas velit maxime. Aliquid non quasi soluta modi perspiciatis rerum placeat.', 2, '2020-10-24 09:07:24', '2020-10-24 09:07:24'),
(286, 19, 'Verna Volkman', 'Autem non praesentium vitae qui voluptas. Doloremque mollitia et a autem sit. Numquam odit consequatur sed laborum praesentium qui ut. Enim esse accusamus numquam nemo culpa voluptate.', 2, '2020-10-24 09:07:24', '2020-10-24 09:07:24'),
(287, 43, 'Miss Retta Larkin', 'Consequatur quia et eum assumenda pariatur adipisci rem qui. Nobis vero molestias quia quo tenetur vitae aut. Sit laudantium consectetur in praesentium quo sapiente fugit. Architecto quia sed similique et quam omnis et at.', 5, '2020-10-24 09:07:24', '2020-10-24 09:07:24'),
(288, 2, 'Mr. Fern Marks', 'Dolor modi illum distinctio eos explicabo. Molestias illum praesentium magnam consequatur. Delectus debitis perferendis at neque voluptas sunt.', 1, '2020-10-24 09:07:24', '2020-10-24 09:07:24'),
(289, 42, 'Ms. Lyda Koss', 'Accusamus et corporis aliquam. Minus magni vitae sunt harum. Voluptas aut architecto nobis autem et.', 3, '2020-10-24 09:07:24', '2020-10-24 09:07:24'),
(290, 30, 'Prof. Skylar Marvin', 'Maiores fuga tenetur iste ut ipsa repellendus unde. Optio ullam sunt accusantium consequatur quis atque assumenda. Sed voluptates ducimus sed assumenda nam autem.', 2, '2020-10-24 09:07:24', '2020-10-24 09:07:24'),
(291, 48, 'Selina Von', 'Eos voluptatibus nam ipsum quo ea explicabo. Est natus optio voluptatem quis explicabo. Exercitationem nisi eos quis. Quia expedita nostrum tenetur ipsum ducimus sapiente.', 0, '2020-10-24 09:07:24', '2020-10-24 09:07:24'),
(292, 42, 'Prof. Geoffrey Kertzmann IV', 'Atque sed aliquam voluptas aspernatur eum aut veniam et. Explicabo magnam placeat saepe aut voluptatibus at similique. Iste omnis maiores adipisci et.', 3, '2020-10-24 09:07:24', '2020-10-24 09:07:24'),
(293, 17, 'Ansley Kessler', 'Nostrum expedita laudantium tempore aliquam. Delectus repellendus quos voluptatem similique et reprehenderit expedita. Voluptatem ut velit beatae aut molestias magni maiores distinctio. Labore quam repudiandae culpa pariatur aliquam tenetur libero vero.', 4, '2020-10-24 09:07:24', '2020-10-24 09:07:24'),
(294, 46, 'Dr. Dejuan Stehr PhD', 'Saepe atque exercitationem rerum est laboriosam. Enim voluptates eum recusandae sed. Ad et sit quia. Amet perspiciatis incidunt cupiditate temporibus modi corrupti est.', 4, '2020-10-24 09:07:24', '2020-10-24 09:07:24'),
(295, 14, 'Prof. Candelario Okuneva', 'Odit voluptatem dolores dolores accusamus dolorem rerum dolores voluptatem. Ex aut accusamus vel dolores. Ut cupiditate necessitatibus et et.', 0, '2020-10-24 09:07:24', '2020-10-24 09:07:24'),
(296, 46, 'Rashawn Cummerata DDS', 'Ratione soluta earum distinctio facilis veritatis sapiente dolorem velit. Voluptatum et itaque eum est aut qui commodi consequatur. Quas quaerat deserunt dolorem deleniti. Quia voluptates labore aliquid aut cumque.', 3, '2020-10-24 09:07:25', '2020-10-24 09:07:25'),
(297, 37, 'Darryl Metz', 'Eum placeat laborum voluptas omnis quasi perspiciatis sapiente. Esse quasi odit sed nisi iusto numquam deleniti iste. Quia omnis voluptatum quia.', 1, '2020-10-24 09:07:25', '2020-10-24 09:07:25'),
(298, 28, 'Jettie D\'Amore', 'Explicabo eum similique praesentium. Earum facilis rerum accusantium iure hic. Ab pariatur ut fuga enim minima.', 3, '2020-10-24 09:07:25', '2020-10-24 09:07:25'),
(299, 24, 'Mozelle Morar', 'Laboriosam error vel sed delectus nobis nostrum officia est. Magnam optio voluptatem totam sed. Voluptatem ut accusamus voluptas similique est. Delectus porro nesciunt numquam modi itaque quaerat.', 2, '2020-10-24 09:07:25', '2020-10-24 09:07:25'),
(300, 27, 'Hyman Dibbert', 'Velit facere aut commodi quae veniam quo. Placeat occaecati sunt placeat omnis praesentium fugit porro. Vitae blanditiis quis nulla.', 3, '2020-10-24 09:07:25', '2020-10-24 09:07:25');

-- --------------------------------------------------------

--
-- Table structure for table `users`
--

CREATE TABLE `users` (
  `id` bigint(20) UNSIGNED NOT NULL,
  `name` varchar(191) COLLATE utf8mb4_unicode_ci NOT NULL,
  `email` varchar(191) COLLATE utf8mb4_unicode_ci NOT NULL,
  `email_verified_at` timestamp NULL DEFAULT NULL,
  `password` varchar(191) COLLATE utf8mb4_unicode_ci NOT NULL,
  `remember_token` varchar(100) COLLATE utf8mb4_unicode_ci DEFAULT NULL,
  `created_at` timestamp NULL DEFAULT NULL,
  `updated_at` timestamp NULL DEFAULT NULL
) ENGINE=InnoDB DEFAULT CHARSET=utf8mb4 COLLATE=utf8mb4_unicode_ci;

--
-- Dumping data for table `users`
--

INSERT INTO `users` (`id`, `name`, `email`, `email_verified_at`, `password`, `remember_token`, `created_at`, `updated_at`) VALUES
(1, 'Claudie Rodriguez', 'hintz.adeline@example.org', '2020-10-24 09:07:10', '$2y$10$92IXUNpkjO0rOQ5byMi.Ye4oKoEa3Ro9llC/.og/at2.uheWG/igi', '4H3jlrhYUA', '2020-10-24 09:07:10', '2020-10-24 09:07:10'),
(2, 'Prof. Colin Dicki DDS', 'fabian.powlowski@example.com', '2020-10-24 09:07:10', '$2y$10$92IXUNpkjO0rOQ5byMi.Ye4oKoEa3Ro9llC/.og/at2.uheWG/igi', 'Edy6zvvS99', '2020-10-24 09:07:10', '2020-10-24 09:07:10'),
(3, 'Dr. Armando Oberbrunner V', 'grayson.little@example.net', '2020-10-24 09:07:10', '$2y$10$92IXUNpkjO0rOQ5byMi.Ye4oKoEa3Ro9llC/.og/at2.uheWG/igi', 'BfHXALPBkv', '2020-10-24 09:07:10', '2020-10-24 09:07:10'),
(4, 'Joanne Willms', 'marco29@example.org', '2020-10-24 09:07:10', '$2y$10$92IXUNpkjO0rOQ5byMi.Ye4oKoEa3Ro9llC/.og/at2.uheWG/igi', 'OS2WvoSJwd', '2020-10-24 09:07:10', '2020-10-24 09:07:10'),
(5, 'Mrs. Muriel Batz PhD', 'tanner61@example.com', '2020-10-24 09:07:10', '$2y$10$92IXUNpkjO0rOQ5byMi.Ye4oKoEa3Ro9llC/.og/at2.uheWG/igi', '2gzIhfXn3g', '2020-10-24 09:07:10', '2020-10-24 09:07:10');

--
-- Indexes for dumped tables
--

--
-- Indexes for table `migrations`
--
ALTER TABLE `migrations`
  ADD PRIMARY KEY (`id`);

--
-- Indexes for table `oauth_access_tokens`
--
ALTER TABLE `oauth_access_tokens`
  ADD PRIMARY KEY (`id`),
  ADD KEY `oauth_access_tokens_user_id_index` (`user_id`);

--
-- Indexes for table `oauth_auth_codes`
--
ALTER TABLE `oauth_auth_codes`
  ADD PRIMARY KEY (`id`);

--
-- Indexes for table `oauth_clients`
--
ALTER TABLE `oauth_clients`
  ADD PRIMARY KEY (`id`),
  ADD KEY `oauth_clients_user_id_index` (`user_id`);

--
-- Indexes for table `oauth_personal_access_clients`
--
ALTER TABLE `oauth_personal_access_clients`
  ADD PRIMARY KEY (`id`),
  ADD KEY `oauth_personal_access_clients_client_id_index` (`client_id`);

--
-- Indexes for table `oauth_refresh_tokens`
--
ALTER TABLE `oauth_refresh_tokens`
  ADD PRIMARY KEY (`id`),
  ADD KEY `oauth_refresh_tokens_access_token_id_index` (`access_token_id`);

--
-- Indexes for table `password_resets`
--
ALTER TABLE `password_resets`
  ADD KEY `password_resets_email_index` (`email`);

--
-- Indexes for table `products`
--
ALTER TABLE `products`
  ADD PRIMARY KEY (`id`);

--
-- Indexes for table `reviews`
--
ALTER TABLE `reviews`
  ADD PRIMARY KEY (`id`),
  ADD KEY `reviews_product_id_foreign` (`product_id`);

--
-- Indexes for table `users`
--
ALTER TABLE `users`
  ADD PRIMARY KEY (`id`),
  ADD UNIQUE KEY `users_email_unique` (`email`);

--
-- AUTO_INCREMENT for dumped tables
--

--
-- AUTO_INCREMENT for table `migrations`
--
ALTER TABLE `migrations`
  MODIFY `id` int(10) UNSIGNED NOT NULL AUTO_INCREMENT, AUTO_INCREMENT=19;
--
-- AUTO_INCREMENT for table `oauth_clients`
--
ALTER TABLE `oauth_clients`
  MODIFY `id` int(10) UNSIGNED NOT NULL AUTO_INCREMENT, AUTO_INCREMENT=3;
--
-- AUTO_INCREMENT for table `oauth_personal_access_clients`
--
ALTER TABLE `oauth_personal_access_clients`
  MODIFY `id` int(10) UNSIGNED NOT NULL AUTO_INCREMENT, AUTO_INCREMENT=2;
--
-- AUTO_INCREMENT for table `products`
--
ALTER TABLE `products`
  MODIFY `id` bigint(20) UNSIGNED NOT NULL AUTO_INCREMENT, AUTO_INCREMENT=51;
--
-- AUTO_INCREMENT for table `reviews`
--
ALTER TABLE `reviews`
  MODIFY `id` bigint(20) UNSIGNED NOT NULL AUTO_INCREMENT, AUTO_INCREMENT=302;
--
-- AUTO_INCREMENT for table `users`
--
ALTER TABLE `users`
  MODIFY `id` bigint(20) UNSIGNED NOT NULL AUTO_INCREMENT, AUTO_INCREMENT=6;
--
-- Constraints for dumped tables
--

--
-- Constraints for table `reviews`
--
ALTER TABLE `reviews`
  ADD CONSTRAINT `reviews_product_id_foreign` FOREIGN KEY (`product_id`) REFERENCES `products` (`id`) ON DELETE CASCADE;
COMMIT;

/*!40101 SET CHARACTER_SET_CLIENT=@OLD_CHARACTER_SET_CLIENT */;
/*!40101 SET CHARACTER_SET_RESULTS=@OLD_CHARACTER_SET_RESULTS */;
/*!40101 SET COLLATION_CONNECTION=@OLD_COLLATION_CONNECTION */;
